date,entity_id,primary_metric,secondary_metric,value_pool,quality_score,risk_score
2026-01-01,AIF001,53.8,24.4,151312,92.7,81.3
2026-01-01,AIF002,85.6,32.1,84996,80.4,66.4
2026-01-01,AIF003,86.4,70.2,23705,70.6,55.3
2026-01-01,AIF004,53.3,24.5,31619,72.1,67.1
2026-01-01,AIF005,63.1,39.8,137323,65.8,75.8
2026-01-01,AIF006,72.7,43.7,134118,91.8,22.2
2026-01-01,AIF007,88.4,46.0,147678,95.9,41.4
2026-01-01,AIF008,88.1,26.0,36654,90.3,17.6
2026-01-01,AIF009,53.1,42.2,33600,76.6,43.6
2026-01-01,AIF010,67.1,34.6,109059,72.8,13.2
2026-01-01,AIF011,58.2,73.1,71192,81.0,38.5
2026-01-01,AIF012,83.6,38.2,75556,75.2,53.7
2026-01-01,AIF013,69.7,55.4,17473,67.0,55.4
2026-01-01,AIF014,95.4,42.5,110210,67.6,60.6
2026-01-01,AIF015,64.7,75.9,170075,97.9,88.0
2026-01-01,AIF016,84.6,31.0,149187,87.5,12.8
2026-01-01,AIF017,60.9,34.4,57291,80.3,78.1
2026-01-01,AIF018,71.0,23.2,160353,69.5,83.1
2026-01-01,AIF019,40.2,69.5,153155,64.9,69.3
2026-01-01,AIF020,94.4,29.1,53290,85.9,46.3
2026-01-01,AIF021,94.7,62.5,156639,91.5,37.0
2026-01-01,AIF022,95.8,25.2,39850,95.7,39.2
2026-01-01,AIF023,65.2,26.5,154586,92.0,9.3
2026-01-01,AIF024,92.5,31.5,44250,64.7,47.6
2026-01-01,AIF025,60.2,70.4,97083,93.6,84.3
2026-01-01,AIF026,56.4,24.8,116740,80.8,50.9
2026-01-01,AIF027,63.9,20.7,3652,94.5,25.3
2026-01-01,AIF028,64.4,81.4,5097,82.8,66.9
2026-01-01,AIF029,93.7,63.4,33403,73.5,43.1
2026-01-01,AIF030,67.2,56.1,117436,80.1,31.3
2026-01-01,AIF031,44.6,25.7,64119,66.2,87.3
2026-01-01,AIF032,91.3,72.3,34334,87.9,86.5
2026-01-01,AIF033,76.4,78.7,43475,72.4,27.2
2026-01-01,AIF034,75.3,36.6,157551,97.9,81.7
2026-01-01,AIF035,95.2,83.7,119387,88.1,60.9
2026-01-01,AIF036,46.5,18.4,113231,78.3,43.4
2026-01-02,AIF001,43.8,34.5,78366,96.1,45.7
2026-01-02,AIF002,92.3,21.6,154158,88.0,18.4
2026-01-02,AIF003,42.0,56.7,153523,79.9,88.3
2026-01-02,AIF004,59.1,82.0,33782,78.5,64.2
2026-01-02,AIF005,54.1,44.8,155210,87.4,34.3
2026-01-02,AIF006,81.9,56.6,15397,89.7,26.4
2026-01-02,AIF007,61.8,38.8,145614,85.9,92.6
2026-01-02,AIF008,66.8,59.9,82541,83.8,36.4
2026-01-02,AIF009,71.7,76.1,131614,78.3,55.2
2026-01-02,AIF010,83.5,66.3,117942,64.9,69.9
2026-01-02,AIF011,75.7,80.4,71123,88.4,51.5
2026-01-02,AIF012,44.1,30.2,90147,98.1,71.7
2026-01-02,AIF013,94.8,80.2,94973,86.2,89.4
2026-01-02,AIF014,87.1,34.7,163038,84.8,12.3
2026-01-02,AIF015,41.5,73.4,67296,84.6,42.7
2026-01-02,AIF016,56.0,49.5,181355,67.1,83.6
2026-01-02,AIF017,87.1,39.1,64240,75.0,64.0
2026-01-02,AIF018,95.4,27.1,43633,80.0,12.1
2026-01-02,AIF019,83.3,62.8,32698,65.0,29.8
2026-01-02,AIF020,40.8,38.3,10988,72.3,75.3
2026-01-02,AIF021,83.9,35.0,129132,83.2,11.4
2026-01-02,AIF022,88.6,76.2,172093,80.2,93.2
2026-01-02,AIF023,40.3,20.3,175116,96.2,66.5
2026-01-02,AIF024,40.4,21.7,95405,88.9,94.0
2026-01-02,AIF025,60.8,78.7,182313,79.3,16.8
2026-01-02,AIF026,71.8,43.1,46240,64.8,48.3
2026-01-02,AIF027,79.5,39.4,37520,88.5,72.7
2026-01-02,AIF028,68.7,50.1,101326,98.3,27.4
2026-01-02,AIF029,78.3,37.5,94738,74.3,61.5
2026-01-02,AIF030,61.9,38.8,106005,72.8,77.1
2026-01-02,AIF031,45.3,83.7,172728,98.2,75.1
2026-01-02,AIF032,80.0,63.9,174799,98.2,46.8
2026-01-02,AIF033,92.1,25.9,130901,68.2,66.8
2026-01-02,AIF034,52.2,30.1,70820,81.9,8.6
2026-01-02,AIF035,75.1,19.4,57633,63.3,20.8
2026-01-02,AIF036,55.2,50.6,80542,80.3,25.7
2026-01-03,AIF001,82.9,48.4,164167,83.9,30.0
2026-01-03,AIF002,68.3,41.0,184056,65.1,46.6
2026-01-03,AIF003,66.5,19.4,173272,96.6,16.8
2026-01-03,AIF004,67.9,66.6,127655,91.7,68.2
2026-01-03,AIF005,95.8,81.4,145338,68.9,83.5
2026-01-03,AIF006,96.2,68.4,111821,86.1,67.3
2026-01-03,AIF007,42.5,57.9,101185,70.7,58.1
2026-01-03,AIF008,93.0,41.0,25932,98.2,91.7
2026-01-03,AIF009,74.6,78.9,109818,84.0,69.1
2026-01-03,AIF010,82.0,34.5,182031,82.6,25.9
2026-01-03,AIF011,54.1,67.2,104328,80.9,55.8
2026-01-03,AIF012,74.6,23.3,106771,80.9,39.1
2026-01-03,AIF013,76.6,62.9,69747,97.7,47.9
2026-01-03,AIF014,41.4,50.3,169068,68.8,88.7
2026-01-03,AIF015,41.5,36.4,149813,93.7,44.6
2026-01-03,AIF016,44.8,35.0,45304,65.5,81.9
2026-01-03,AIF017,42.9,83.3,183255,82.5,91.7
2026-01-03,AIF018,48.8,23.6,35132,92.0,81.6
2026-01-03,AIF019,90.2,73.6,86123,91.9,47.2
2026-01-03,AIF020,40.4,19.7,158955,89.3,26.6
2026-01-03,AIF021,78.9,41.6,173209,83.1,45.2
2026-01-03,AIF022,61.8,42.9,123605,64.0,11.3
2026-01-03,AIF023,48.8,73.6,153276,76.4,36.2
2026-01-03,AIF024,93.0,75.5,144235,84.2,79.2
2026-01-03,AIF025,49.1,53.5,128006,84.2,56.0
2026-01-03,AIF026,61.3,74.9,177539,78.2,86.5
2026-01-03,AIF027,56.5,36.2,134193,70.3,27.3
2026-01-03,AIF028,69.8,46.3,52201,68.4,74.9
2026-01-03,AIF029,41.4,59.7,99584,68.3,24.9
2026-01-03,AIF030,91.2,43.5,82980,93.7,64.8
2026-01-03,AIF031,63.1,49.5,81337,97.6,15.0
2026-01-03,AIF032,66.4,73.4,104769,88.9,57.2
2026-01-03,AIF033,75.0,51.4,173205,72.9,19.5
2026-01-03,AIF034,83.4,50.2,153032,97.1,89.3
2026-01-03,AIF035,89.9,26.6,102485,76.9,86.1
2026-01-03,AIF036,74.4,29.6,30315,66.4,45.0
2026-01-04,AIF001,67.5,49.2,164579,64.9,19.5
2026-01-04,AIF002,46.3,53.1,96790,86.5,47.1
2026-01-04,AIF003,83.8,25.2,32894,65.4,33.2
2026-01-04,AIF004,53.9,64.2,108367,76.9,23.7
2026-01-04,AIF005,59.9,47.5,160889,87.7,47.9
2026-01-04,AIF006,75.8,53.3,76644,79.9,88.6
2026-01-04,AIF007,57.5,83.5,50121,72.1,52.2
2026-01-04,AIF008,73.7,81.8,113393,93.1,18.5
2026-01-04,AIF009,87.6,19.4,53673,74.9,44.7
2026-01-04,AIF010,55.2,71.3,158463,67.7,67.5
2026-01-04,AIF011,80.9,38.8,35966,79.6,82.8
2026-01-04,AIF012,80.6,21.6,87915,71.2,40.3
2026-01-04,AIF013,70.8,28.5,104543,98.9,64.7
2026-01-04,AIF014,69.1,72.2,184184,93.2,70.0
2026-01-04,AIF015,48.0,77.1,115800,66.5,20.3
2026-01-04,AIF016,73.5,44.9,142545,89.9,62.2
2026-01-04,AIF017,50.7,50.2,50482,97.5,27.2
2026-01-04,AIF018,60.9,78.9,126904,64.3,92.7
2026-01-04,AIF019,66.4,71.3,88125,94.6,35.4
2026-01-04,AIF020,44.4,23.7,7168,78.0,32.7
2026-01-04,AIF021,89.8,41.3,163697,88.8,71.6
2026-01-04,AIF022,68.8,70.9,118399,93.1,48.9
2026-01-04,AIF023,53.4,73.1,83060,89.9,90.2
2026-01-04,AIF024,89.5,45.9,19274,76.7,40.6
2026-01-04,AIF025,78.6,25.9,32384,81.3,16.9
2026-01-04,AIF026,57.0,73.9,117578,95.8,13.0
2026-01-04,AIF027,42.4,49.3,70977,63.9,81.9
2026-01-04,AIF028,83.6,41.6,151658,72.7,78.5
2026-01-04,AIF029,48.5,44.9,34569,80.5,52.3
2026-01-04,AIF030,78.2,69.2,150184,97.2,31.8
2026-01-04,AIF031,96.8,73.0,101984,88.3,88.0
2026-01-04,AIF032,88.7,82.0,139501,70.9,78.9
2026-01-04,AIF033,66.2,32.6,80585,83.6,83.0
2026-01-04,AIF034,97.0,30.0,80653,65.6,58.7
2026-01-04,AIF035,52.0,82.7,88295,88.7,37.7
2026-01-04,AIF036,64.0,80.8,148640,91.2,56.7
2026-01-05,AIF001,50.5,29.2,138358,75.0,74.3
2026-01-05,AIF002,67.7,77.5,121251,73.1,70.0
2026-01-05,AIF003,64.0,56.7,2559,81.6,46.5
2026-01-05,AIF004,77.4,23.2,7042,72.8,43.0
2026-01-05,AIF005,42.2,34.0,139843,79.6,63.2
2026-01-05,AIF006,81.1,39.2,31789,71.4,17.2
2026-01-05,AIF007,47.9,79.8,128606,86.8,8.1
2026-01-05,AIF008,68.2,77.5,13697,91.7,32.3
2026-01-05,AIF009,42.1,72.6,27198,84.6,74.5
2026-01-05,AIF010,62.1,19.9,138641,96.2,60.0
2026-01-05,AIF011,94.6,60.5,130882,65.4,66.8
2026-01-05,AIF012,50.3,31.0,156136,81.2,12.7
2026-01-05,AIF013,90.1,79.7,10237,89.2,29.7
2026-01-05,AIF014,58.1,47.6,19573,96.9,90.1
2026-01-05,AIF015,93.6,59.3,151419,92.7,91.7
2026-01-05,AIF016,60.5,80.6,109592,68.8,88.0
2026-01-05,AIF017,70.7,73.2,53342,75.2,15.0
2026-01-05,AIF018,59.4,40.6,89889,76.1,65.6
2026-01-05,AIF019,50.5,30.4,44219,62.9,77.8
2026-01-05,AIF020,85.3,73.8,55019,65.6,30.1
2026-01-05,AIF021,60.3,54.7,37384,64.9,92.6
2026-01-05,AIF022,75.9,39.8,12815,86.5,35.4
2026-01-05,AIF023,96.9,37.4,47507,79.5,67.1
2026-01-05,AIF024,41.4,57.7,17368,86.1,32.3
2026-01-05,AIF025,47.8,78.9,72817,77.6,66.0
2026-01-05,AIF026,68.9,71.7,177234,86.2,43.1
2026-01-05,AIF027,56.7,40.3,11312,67.8,10.1
2026-01-05,AIF028,71.5,56.6,51353,78.5,68.6
2026-01-05,AIF029,40.4,28.0,119516,96.8,59.2
2026-01-05,AIF030,91.6,79.4,74079,67.8,34.6
2026-01-05,AIF031,46.0,18.4,22847,79.2,10.3
2026-01-05,AIF032,61.9,52.4,166898,80.7,15.5
2026-01-05,AIF033,43.6,26.6,129914,97.8,41.9
2026-01-05,AIF034,93.7,48.9,89291,75.7,88.4
2026-01-05,AIF035,61.9,21.3,5140,64.0,38.9
2026-01-05,AIF036,96.5,38.6,31499,65.5,49.1
2026-01-06,AIF001,44.9,76.7,145796,83.7,65.1
2026-01-06,AIF002,57.1,72.7,86678,63.5,18.3
2026-01-06,AIF003,64.0,22.0,123794,82.6,35.1
2026-01-06,AIF004,42.5,31.3,181291,67.3,76.4
2026-01-06,AIF005,85.1,80.4,8133,85.0,67.5
2026-01-06,AIF006,61.8,49.2,107756,74.6,86.7
2026-01-06,AIF007,73.4,54.5,35320,84.0,37.7
2026-01-06,AIF008,67.1,73.4,106450,75.0,78.2
2026-01-06,AIF009,65.7,48.7,33888,90.4,29.7
2026-01-06,AIF010,64.7,48.7,134312,89.6,28.0
2026-01-06,AIF011,53.7,81.7,2720,90.3,18.0
2026-01-06,AIF012,80.2,82.4,163939,76.2,81.5
2026-01-06,AIF013,87.2,49.4,29183,68.0,68.0
2026-01-06,AIF014,44.5,19.2,118778,76.8,56.4
2026-01-06,AIF015,95.5,42.2,171373,85.2,47.2
2026-01-06,AIF016,47.0,72.0,26800,91.6,45.3
2026-01-06,AIF017,82.7,54.6,99577,97.6,82.8
2026-01-06,AIF018,40.1,29.8,67755,90.4,68.0
2026-01-06,AIF019,72.4,83.0,23295,91.5,81.0
2026-01-06,AIF020,46.5,39.8,165021,84.7,56.2
2026-01-06,AIF021,85.8,64.1,168821,91.6,59.0
2026-01-06,AIF022,79.4,20.0,9768,82.9,67.5
2026-01-06,AIF023,57.4,75.1,73626,87.4,40.1
2026-01-06,AIF024,55.8,80.6,74775,84.0,42.7
2026-01-06,AIF025,92.6,41.2,109645,67.6,73.5
2026-01-06,AIF026,66.8,23.2,90596,70.6,48.5
2026-01-06,AIF027,69.8,33.7,41418,82.2,25.4
2026-01-06,AIF028,72.4,53.0,25855,89.6,48.7
2026-01-06,AIF029,90.7,68.2,54353,98.1,34.0
2026-01-06,AIF030,55.1,63.4,169263,80.7,80.3
2026-01-06,AIF031,72.5,45.9,46971,90.2,14.6
2026-01-06,AIF032,71.4,51.9,135710,82.9,60.6
2026-01-06,AIF033,40.9,27.7,132382,68.8,51.3
2026-01-06,AIF034,86.1,65.2,165626,90.6,77.7
2026-01-06,AIF035,70.2,42.1,75402,86.0,40.9
2026-01-06,AIF036,96.4,55.3,150699,98.4,42.1
2026-01-07,AIF001,69.0,41.5,26977,90.5,50.8
2026-01-07,AIF002,53.8,67.3,74645,74.3,46.9
2026-01-07,AIF003,60.3,24.7,136676,67.1,70.6
2026-01-07,AIF004,64.6,33.5,63373,67.3,73.4
2026-01-07,AIF005,57.4,83.0,71364,87.6,86.1
2026-01-07,AIF006,57.1,54.9,73880,88.5,72.1
2026-01-07,AIF007,59.5,68.3,117406,66.1,21.3
2026-01-07,AIF008,72.0,43.8,91600,76.5,87.1
2026-01-07,AIF009,61.3,27.8,154574,92.6,86.2
2026-01-07,AIF010,71.8,63.7,97299,87.4,17.8
2026-01-07,AIF011,40.8,78.5,14238,73.0,40.6
2026-01-07,AIF012,65.0,45.7,56742,66.0,89.0
2026-01-07,AIF013,82.5,42.4,80871,82.8,29.2
2026-01-07,AIF014,63.6,38.5,126325,83.8,59.4
2026-01-07,AIF015,90.1,41.8,2119,98.1,68.6
2026-01-07,AIF016,92.5,51.0,75900,73.5,52.4
2026-01-07,AIF017,87.3,35.9,126164,94.5,89.8
2026-01-07,AIF018,85.0,63.3,113231,67.6,83.1
2026-01-07,AIF019,77.2,61.1,19693,94.6,50.1
2026-01-07,AIF020,89.3,46.6,132235,66.5,74.6
2026-01-07,AIF021,80.6,21.1,30955,98.3,75.4
2026-01-07,AIF022,81.6,18.3,146597,96.4,57.1
2026-01-07,AIF023,88.9,83.5,65491,64.9,35.2
2026-01-07,AIF024,92.9,70.9,163584,81.9,26.7
2026-01-07,AIF025,69.6,76.5,27989,92.1,65.3
2026-01-07,AIF026,60.8,40.1,48731,97.9,59.2
2026-01-07,AIF027,93.1,35.1,62776,88.2,30.0
2026-01-07,AIF028,43.2,50.3,156981,65.6,16.7
2026-01-07,AIF029,44.0,73.3,37363,63.6,61.4
2026-01-07,AIF030,93.6,79.8,22391,77.4,42.2
2026-01-07,AIF031,54.2,37.8,28715,93.3,81.6
2026-01-07,AIF032,95.7,71.0,148885,75.5,79.8
2026-01-07,AIF033,59.7,70.3,169267,73.7,91.9
2026-01-07,AIF034,88.3,36.1,162686,65.3,42.9
2026-01-07,AIF035,78.5,69.9,46925,94.6,73.1
2026-01-07,AIF036,55.5,66.6,76751,75.9,29.0
2026-01-08,AIF001,71.3,53.8,41108,95.5,81.6
2026-01-08,AIF002,91.3,44.2,176703,73.4,13.2
2026-01-08,AIF003,71.8,32.3,137865,68.5,13.9
2026-01-08,AIF004,90.5,25.8,22931,76.7,72.7
2026-01-08,AIF005,83.2,26.1,140785,63.7,28.5
2026-01-08,AIF006,54.9,54.9,149545,79.8,23.1
2026-01-08,AIF007,56.9,77.4,167341,95.8,85.7
2026-01-08,AIF008,45.6,62.5,155334,88.0,79.5
2026-01-08,AIF009,65.0,77.2,86484,81.6,12.6
2026-01-08,AIF010,83.0,32.8,126915,69.1,55.9
2026-01-08,AIF011,90.4,18.1,162372,75.2,67.8
2026-01-08,AIF012,59.8,36.3,81451,69.1,32.3
2026-01-08,AIF013,59.9,22.7,37541,77.8,19.8
2026-01-08,AIF014,68.6,75.2,177334,92.8,15.5
2026-01-08,AIF015,41.9,81.1,167095,97.6,26.3
2026-01-08,AIF016,64.3,75.4,126160,63.4,23.8
2026-01-08,AIF017,73.1,58.0,15145,97.7,10.2
2026-01-08,AIF018,46.1,28.7,78136,63.8,72.1
2026-01-08,AIF019,87.3,74.5,99561,64.5,41.6
2026-01-08,AIF020,93.1,74.8,127923,89.0,57.9
2026-01-08,AIF021,83.5,65.4,181445,96.8,82.1
2026-01-08,AIF022,85.4,52.1,13519,80.1,28.9
2026-01-08,AIF023,96.8,59.6,116088,65.3,40.8
2026-01-08,AIF024,96.6,83.3,4182,68.0,29.8
2026-01-08,AIF025,79.5,46.3,41816,69.3,88.2
2026-01-08,AIF026,55.8,20.1,54793,85.6,28.8
2026-01-08,AIF027,51.5,23.1,20433,78.2,47.7
2026-01-08,AIF028,77.8,79.4,153778,86.6,18.5
2026-01-08,AIF029,92.0,76.0,76858,63.1,60.5
2026-01-08,AIF030,52.7,38.1,85919,90.0,38.6
2026-01-08,AIF031,41.7,25.8,148054,84.6,66.9
2026-01-08,AIF032,67.9,27.8,176397,65.6,20.2
2026-01-08,AIF033,96.4,39.5,13271,83.3,67.2
2026-01-08,AIF034,74.3,65.9,51264,68.5,41.0
2026-01-08,AIF035,69.6,70.4,155899,68.0,44.2
2026-01-08,AIF036,48.9,69.8,114052,77.3,72.1
2026-01-09,AIF001,69.6,21.7,79795,81.9,43.3
2026-01-09,AIF002,57.7,26.9,81872,79.9,50.0
2026-01-09,AIF003,62.2,77.2,71622,80.1,23.2
2026-01-09,AIF004,52.5,55.4,38227,74.7,22.7
2026-01-09,AIF005,47.0,62.3,98549,91.2,66.6
2026-01-09,AIF006,85.7,83.9,102375,74.7,30.0
2026-01-09,AIF007,60.6,34.7,124258,87.0,37.1
2026-01-09,AIF008,57.5,19.8,80883,63.9,29.9
2026-01-09,AIF009,94.1,45.5,101561,88.8,28.5
2026-01-09,AIF010,78.5,50.0,32049,98.3,82.0
2026-01-09,AIF011,52.7,20.8,137825,91.4,69.1
2026-01-09,AIF012,58.9,53.7,122144,96.8,52.1
2026-01-09,AIF013,65.0,53.6,162424,76.8,77.1
2026-01-09,AIF014,63.8,23.5,90532,84.2,74.6
2026-01-09,AIF015,68.1,62.7,47936,77.4,10.0
2026-01-09,AIF016,72.0,79.9,42070,62.1,58.5
2026-01-09,AIF017,61.8,74.8,110056,92.5,47.8
2026-01-09,AIF018,82.6,62.0,31715,70.6,70.0
2026-01-09,AIF019,89.7,25.8,32853,71.0,73.9
2026-01-09,AIF020,75.0,65.9,24145,73.4,41.8
2026-01-09,AIF021,70.3,19.7,20529,97.1,77.4
2026-01-09,AIF022,57.0,25.6,22315,92.0,80.6
2026-01-09,AIF023,87.2,62.6,78666,66.1,8.8
2026-01-09,AIF024,81.3,28.8,77468,83.4,54.3
2026-01-09,AIF025,55.6,26.6,47113,69.5,59.2
2026-01-09,AIF026,70.5,78.4,65048,78.2,31.7
2026-01-09,AIF027,96.2,59.1,126462,90.4,16.2
2026-01-09,AIF028,87.8,66.2,5682,96.7,80.8
2026-01-09,AIF029,47.7,61.7,26521,85.5,89.7
2026-01-09,AIF030,49.5,42.0,41714,68.7,56.7
2026-01-09,AIF031,51.2,33.1,163120,67.9,37.9
2026-01-09,AIF032,60.7,65.8,180441,72.6,12.9
2026-01-09,AIF033,48.2,18.0,77896,63.2,38.6
2026-01-09,AIF034,66.6,35.7,115699,93.2,66.6
2026-01-09,AIF035,65.0,83.8,29636,68.7,23.2
2026-01-09,AIF036,79.1,20.0,42234,94.2,11.5
2026-01-10,AIF001,57.0,75.5,159309,81.3,91.8
2026-01-10,AIF002,53.1,36.8,180020,81.2,52.2
2026-01-10,AIF003,92.7,32.9,48994,64.3,27.7
2026-01-10,AIF004,82.1,39.1,90768,98.8,16.2
2026-01-10,AIF005,78.2,52.2,73145,82.9,12.1
2026-01-10,AIF006,56.8,36.7,14009,96.2,17.4
2026-01-10,AIF007,44.2,31.0,140690,94.7,49.3
2026-01-10,AIF008,52.7,30.0,165739,98.8,21.9
2026-01-10,AIF009,91.1,50.5,175115,74.9,41.5
2026-01-10,AIF010,89.3,43.2,25564,91.3,14.4
2026-01-10,AIF011,52.8,55.5,81136,95.5,41.9
2026-01-10,AIF012,58.1,81.8,54988,93.9,10.4
2026-01-10,AIF013,45.3,38.4,156273,97.4,29.7
2026-01-10,AIF014,43.1,54.1,120069,92.6,81.5
2026-01-10,AIF015,53.9,72.6,134230,85.8,55.3
2026-01-10,AIF016,93.2,41.6,85665,68.0,81.9
2026-01-10,AIF017,65.0,42.8,91601,94.2,13.5
2026-01-10,AIF018,60.9,76.2,145302,62.1,80.6
2026-01-10,AIF019,63.0,73.2,39737,96.6,40.7
2026-01-10,AIF020,88.7,79.2,132606,66.9,62.0
2026-01-10,AIF021,93.9,80.6,116909,85.5,78.7
2026-01-10,AIF022,44.9,18.9,94639,68.6,53.1
2026-01-10,AIF023,50.4,73.8,72162,77.6,85.3
2026-01-10,AIF024,59.3,30.9,103941,66.1,30.4
2026-01-10,AIF025,51.5,19.6,88037,90.8,19.7
2026-01-10,AIF026,82.4,32.1,128663,76.1,16.1
2026-01-10,AIF027,90.1,52.2,50957,67.8,56.9
2026-01-10,AIF028,41.0,81.9,63343,87.5,60.4
2026-01-10,AIF029,44.4,44.0,72494,72.0,25.6
2026-01-10,AIF030,47.6,27.0,154708,68.0,32.0
2026-01-10,AIF031,49.6,71.6,106345,72.7,68.8
2026-01-10,AIF032,48.5,80.9,26131,69.3,54.2
2026-01-10,AIF033,78.1,38.6,4721,68.7,28.0
2026-01-10,AIF034,74.0,38.9,32027,95.0,33.4
2026-01-10,AIF035,40.5,70.6,89209,63.2,11.5
2026-01-10,AIF036,73.4,79.2,61838,79.3,70.8
2026-01-11,AIF001,40.2,49.2,179526,71.8,13.2
2026-01-11,AIF002,67.6,72.9,50512,96.7,20.2
2026-01-11,AIF003,69.5,65.5,55306,75.9,37.7
2026-01-11,AIF004,96.9,82.7,99262,97.2,11.6
2026-01-11,AIF005,55.4,35.0,90452,85.8,8.6
2026-01-11,AIF006,42.8,67.3,94273,63.3,68.8
2026-01-11,AIF007,81.8,78.3,86293,70.1,30.1
2026-01-11,AIF008,52.3,56.3,158200,86.0,47.4
2026-01-11,AIF009,72.2,47.6,127257,93.0,26.3
2026-01-11,AIF010,50.6,34.3,160793,75.1,39.2
2026-01-11,AIF011,61.5,42.7,137392,95.6,68.5
2026-01-11,AIF012,82.0,51.0,129098,77.9,8.7
2026-01-11,AIF013,66.5,75.1,66845,91.2,92.3
2026-01-11,AIF014,82.1,57.7,5764,98.7,10.1
2026-01-11,AIF015,41.8,22.7,97782,75.8,54.5
2026-01-11,AIF016,83.1,73.5,99607,87.3,25.2
2026-01-11,AIF017,91.2,59.7,62636,86.2,84.4
2026-01-11,AIF018,58.5,40.0,126319,98.6,81.7
2026-01-11,AIF019,59.7,40.6,112378,72.7,36.6
2026-01-11,AIF020,55.9,64.7,74472,76.8,77.5
2026-01-11,AIF021,46.1,19.3,173508,79.3,68.0
2026-01-11,AIF022,89.9,34.7,112384,63.6,16.4
2026-01-11,AIF023,50.8,78.9,160246,62.8,40.5
2026-01-11,AIF024,47.9,35.0,179362,66.3,15.9
2026-01-11,AIF025,80.7,22.5,15306,62.7,33.1
2026-01-11,AIF026,60.3,33.9,151242,80.3,67.7
2026-01-11,AIF027,90.4,48.8,129130,71.2,42.4
2026-01-11,AIF028,41.3,29.6,103456,73.8,74.5
2026-01-11,AIF029,47.7,47.8,163655,79.8,25.8
2026-01-11,AIF030,60.3,77.8,157835,74.5,68.2
2026-01-11,AIF031,90.2,58.1,22545,80.4,53.4
2026-01-11,AIF032,86.6,72.5,62191,70.8,38.3
2026-01-11,AIF033,91.2,36.1,21049,86.1,48.9
2026-01-11,AIF034,69.2,53.1,25917,71.3,64.3
2026-01-11,AIF035,72.2,79.2,164907,64.0,47.4
2026-01-11,AIF036,87.5,56.2,111392,67.0,58.2
2026-01-12,AIF001,73.0,68.5,97383,94.5,79.7
2026-01-12,AIF002,94.5,80.4,144166,97.2,39.8
2026-01-12,AIF003,43.0,41.5,33553,96.1,89.5
2026-01-12,AIF004,84.9,26.0,2594,81.3,25.3
2026-01-12,AIF005,64.0,21.7,27681,98.7,53.7
2026-01-12,AIF006,54.9,30.2,84763,74.6,81.4
2026-01-12,AIF007,46.4,76.7,71522,91.6,9.9
2026-01-12,AIF008,72.6,65.5,166366,95.1,26.0
2026-01-12,AIF009,89.6,52.5,184589,91.9,32.2
2026-01-12,AIF010,72.2,26.2,12968,71.6,34.6
2026-01-12,AIF011,76.4,61.2,71948,72.4,53.6
2026-01-12,AIF012,48.8,66.6,59450,95.9,36.5
2026-01-12,AIF013,71.6,42.1,132996,65.2,16.2
2026-01-12,AIF014,87.6,46.8,68780,92.5,43.8
2026-01-12,AIF015,55.3,63.4,45148,89.0,90.9
2026-01-12,AIF016,51.9,76.4,50136,68.4,44.6
2026-01-12,AIF017,66.8,44.3,43939,96.5,11.3
2026-01-12,AIF018,68.1,53.7,162415,85.5,38.0
2026-01-12,AIF019,44.4,82.4,182040,81.3,63.7
2026-01-12,AIF020,55.1,19.9,54868,95.4,90.6
2026-01-12,AIF021,62.9,34.0,55563,64.0,21.5
2026-01-12,AIF022,86.5,45.5,106308,75.0,27.6
2026-01-12,AIF023,66.4,57.5,54179,85.6,69.8
2026-01-12,AIF024,67.9,50.5,92911,73.5,83.7
2026-01-12,AIF025,86.2,43.6,125892,77.0,16.6
2026-01-12,AIF026,88.4,47.0,52145,78.3,91.6
2026-01-12,AIF027,76.1,22.4,167656,89.9,52.6
2026-01-12,AIF028,63.4,30.7,94084,76.9,44.3
2026-01-12,AIF029,82.9,71.0,36774,64.5,24.6
2026-01-12,AIF030,84.6,58.1,148047,64.0,71.4
2026-01-12,AIF031,57.3,28.0,57134,74.8,33.8
2026-01-12,AIF032,49.1,22.7,4370,78.7,71.0
2026-01-12,AIF033,71.1,23.5,170168,77.4,93.7
2026-01-12,AIF034,94.8,72.4,25608,75.2,42.7
2026-01-12,AIF035,71.1,71.4,159273,79.7,40.6
2026-01-12,AIF036,44.5,59.5,180818,79.6,37.5
2026-01-13,AIF001,53.4,37.6,59732,97.1,59.4
2026-01-13,AIF002,41.8,25.1,54717,90.7,78.8
2026-01-13,AIF003,89.7,19.4,94616,69.9,19.2
2026-01-13,AIF004,82.8,53.6,97748,77.4,81.1
2026-01-13,AIF005,46.4,19.1,10468,72.8,20.8
2026-01-13,AIF006,90.1,76.0,121050,98.6,73.2
2026-01-13,AIF007,96.2,59.4,139197,95.4,48.3
2026-01-13,AIF008,84.8,60.3,27274,93.1,39.3
2026-01-13,AIF009,85.0,33.0,133003,72.8,46.1
2026-01-13,AIF010,59.8,65.3,154174,84.1,71.2
2026-01-13,AIF011,87.5,49.2,72122,89.2,67.1
2026-01-13,AIF012,94.1,70.8,143756,75.8,56.5
2026-01-13,AIF013,75.0,21.5,161646,68.2,52.3
2026-01-13,AIF014,92.6,31.8,84752,92.6,30.0
2026-01-13,AIF015,86.7,48.9,73603,73.6,79.4
2026-01-13,AIF016,65.9,46.3,157990,69.4,45.3
2026-01-13,AIF017,65.3,53.1,173608,68.1,54.6
2026-01-13,AIF018,87.8,72.3,69574,87.7,14.5
2026-01-13,AIF019,61.0,42.2,149696,68.6,89.7
2026-01-13,AIF020,68.3,61.0,67958,73.8,93.9
2026-01-13,AIF021,40.3,74.8,174127,69.4,57.0
2026-01-13,AIF022,57.7,76.4,36922,80.0,50.5
2026-01-13,AIF023,50.8,41.0,101811,80.3,87.3
2026-01-13,AIF024,60.6,45.1,93939,76.5,65.0
2026-01-13,AIF025,63.9,72.9,38870,75.7,78.3
2026-01-13,AIF026,88.1,25.5,32185,79.9,82.6
2026-01-13,AIF027,91.4,66.9,89644,73.8,66.4
2026-01-13,AIF028,78.6,18.5,110002,76.1,89.6
2026-01-13,AIF029,73.8,46.1,68379,76.1,58.1
2026-01-13,AIF030,87.6,38.1,141431,72.1,76.0
2026-01-13,AIF031,91.7,47.7,50022,70.6,11.4
2026-01-13,AIF032,77.1,74.1,28886,74.3,71.5
2026-01-13,AIF033,70.6,66.1,73509,71.6,8.4
2026-01-13,AIF034,90.9,23.8,98854,65.6,65.1
2026-01-13,AIF035,77.1,79.8,127085,69.1,49.6
2026-01-13,AIF036,60.3,46.4,78291,96.7,36.5
2026-01-14,AIF001,88.8,61.3,86234,94.3,26.7
2026-01-14,AIF002,74.8,75.5,12204,64.3,57.7
2026-01-14,AIF003,77.5,70.4,101501,94.4,55.5
2026-01-14,AIF004,63.1,70.0,135582,91.6,85.7
2026-01-14,AIF005,93.2,30.0,156784,66.8,63.1
2026-01-14,AIF006,81.4,43.7,22118,68.4,71.5
2026-01-14,AIF007,96.6,37.7,65761,96.9,70.4
2026-01-14,AIF008,73.2,82.4,81716,81.2,24.7
2026-01-14,AIF009,72.3,19.1,41457,96.4,45.6
2026-01-14,AIF010,89.8,49.2,54658,80.2,83.0
2026-01-14,AIF011,41.3,48.5,58410,96.7,90.1
2026-01-14,AIF012,55.6,37.9,66621,98.9,50.9
2026-01-14,AIF013,45.3,79.9,180895,68.0,41.4
2026-01-14,AIF014,62.3,80.5,139372,96.7,35.7
2026-01-14,AIF015,76.2,47.1,79897,89.1,26.4
2026-01-14,AIF016,83.1,41.2,173624,83.2,33.0
2026-01-14,AIF017,53.3,34.4,101565,76.1,70.5
2026-01-14,AIF018,89.1,70.0,162192,78.9,76.1
2026-01-14,AIF019,57.0,43.7,126487,91.5,70.3
2026-01-14,AIF020,78.9,22.4,115540,97.3,13.5
2026-01-14,AIF021,51.7,19.5,128622,96.6,64.6
2026-01-14,AIF022,62.0,79.7,166679,85.2,86.8
2026-01-14,AIF023,74.2,21.6,107706,87.2,71.0
2026-01-14,AIF024,60.3,43.6,7252,98.6,25.9
2026-01-14,AIF025,88.5,27.6,69701,86.7,61.8
2026-01-14,AIF026,81.9,43.9,164526,96.3,21.1
2026-01-14,AIF027,48.7,65.6,108184,77.9,93.8
2026-01-14,AIF028,73.3,33.3,7770,89.3,8.4
2026-01-14,AIF029,86.0,37.8,116623,80.2,55.1
2026-01-14,AIF030,90.2,52.9,110836,69.3,64.3
2026-01-14,AIF031,41.5,38.5,34949,95.8,39.2
2026-01-14,AIF032,53.2,72.2,151402,79.5,14.1
2026-01-14,AIF033,95.1,43.8,97750,78.4,57.2
2026-01-14,AIF034,73.0,63.2,12688,64.7,17.6
2026-01-14,AIF035,43.9,66.1,118647,70.2,12.9
2026-01-14,AIF036,84.4,58.7,84638,78.9,78.8
2026-01-15,AIF001,83.8,24.0,37980,98.5,16.2
2026-01-15,AIF002,95.9,51.2,2089,75.6,71.8
2026-01-15,AIF003,84.5,70.2,118940,85.6,62.1
2026-01-15,AIF004,66.1,43.8,119964,88.5,76.8
2026-01-15,AIF005,43.2,48.3,82714,89.6,13.7
2026-01-15,AIF006,65.9,59.1,67055,88.3,84.3
2026-01-15,AIF007,75.2,36.6,76550,92.8,62.0
2026-01-15,AIF008,86.2,31.2,117218,65.7,86.0
2026-01-15,AIF009,72.0,74.3,86392,94.2,80.8
2026-01-15,AIF010,44.4,58.1,96296,97.2,89.1
2026-01-15,AIF011,90.1,18.5,4208,72.9,47.0
2026-01-15,AIF012,82.5,34.3,76896,76.1,88.0
2026-01-15,AIF013,52.2,55.7,127927,88.8,19.6
2026-01-15,AIF014,69.6,35.9,22845,63.8,53.4
2026-01-15,AIF015,70.8,77.1,168176,67.0,93.1
2026-01-15,AIF016,62.9,80.4,146833,68.6,83.8
2026-01-15,AIF017,89.4,79.3,146824,86.1,70.3
2026-01-15,AIF018,53.5,69.5,80938,81.7,20.3
2026-01-15,AIF019,81.2,49.4,177000,90.8,87.6
2026-01-15,AIF020,64.3,61.9,171051,95.7,8.2
2026-01-15,AIF021,48.6,66.4,53931,96.4,17.9
2026-01-15,AIF022,52.1,28.9,137048,89.7,72.5
2026-01-15,AIF023,76.1,39.9,86353,69.4,85.5
2026-01-15,AIF024,66.7,79.2,54608,68.4,53.4
2026-01-15,AIF025,67.4,41.0,67798,70.5,27.5
2026-01-15,AIF026,78.3,28.7,32990,77.6,91.0
2026-01-15,AIF027,48.8,40.5,179442,87.8,83.3
2026-01-15,AIF028,96.4,24.0,65649,66.4,51.2
2026-01-15,AIF029,69.4,71.6,157392,68.1,73.0
2026-01-15,AIF030,68.2,49.8,176822,73.5,80.7
2026-01-15,AIF031,66.3,68.7,158632,75.4,37.1
2026-01-15,AIF032,79.6,68.4,58470,92.1,30.6
2026-01-15,AIF033,70.2,64.2,82541,90.2,87.2
2026-01-15,AIF034,55.0,79.6,14229,97.1,46.7
2026-01-15,AIF035,57.5,56.4,178547,89.0,31.9
2026-01-15,AIF036,50.8,49.5,128011,85.5,40.6
2026-01-16,AIF001,69.5,63.8,103670,95.5,61.4
2026-01-16,AIF002,48.9,19.8,119731,90.2,62.8
2026-01-16,AIF003,89.6,52.3,151125,74.1,11.2
2026-01-16,AIF004,77.9,42.7,122397,67.8,23.1
2026-01-16,AIF005,40.4,22.1,96580,66.7,30.9
2026-01-16,AIF006,48.3,80.5,136001,64.0,77.0
2026-01-16,AIF007,56.6,68.9,27671,62.4,46.2
2026-01-16,AIF008,80.4,80.2,65927,66.8,17.5
2026-01-16,AIF009,89.4,50.4,166645,72.3,77.7
2026-01-16,AIF010,50.6,20.4,41031,86.1,51.7
2026-01-16,AIF011,58.2,40.3,144784,75.7,82.1
2026-01-16,AIF012,71.8,20.8,109926,79.3,62.7
2026-01-16,AIF013,75.3,83.7,40186,96.4,70.9
2026-01-16,AIF014,60.8,30.5,177434,69.2,25.2
2026-01-16,AIF015,78.2,44.1,34020,84.2,12.3
2026-01-16,AIF016,61.9,67.4,140289,75.4,37.2
2026-01-16,AIF017,41.4,72.3,52580,84.0,93.5
2026-01-16,AIF018,51.7,69.7,104014,75.6,49.9
2026-01-16,AIF019,41.3,34.9,3337,82.9,91.9
2026-01-16,AIF020,63.6,70.2,132299,96.6,47.2
2026-01-16,AIF021,93.9,57.9,3271,64.4,29.0
2026-01-16,AIF022,73.2,21.1,39503,83.0,64.5
2026-01-16,AIF023,83.6,66.6,134612,62.3,90.7
2026-01-16,AIF024,40.3,55.8,7566,63.9,14.5
2026-01-16,AIF025,84.0,27.9,71246,79.3,73.4
2026-01-16,AIF026,94.5,18.2,103790,90.5,42.7
2026-01-16,AIF027,91.6,19.0,180867,65.7,79.0
2026-01-16,AIF028,94.3,22.9,175267,69.1,61.6
2026-01-16,AIF029,91.7,60.9,152733,94.0,88.2
2026-01-16,AIF030,88.9,43.3,118941,85.9,90.5
2026-01-16,AIF031,83.6,39.5,45481,91.0,83.5
2026-01-16,AIF032,77.6,25.7,138529,81.9,46.6
2026-01-16,AIF033,44.8,29.6,74292,79.3,31.1
2026-01-16,AIF034,89.3,26.9,30133,66.7,15.9
2026-01-16,AIF035,61.0,20.2,21848,85.6,89.2
2026-01-16,AIF036,94.4,69.7,103740,85.4,58.5
2026-01-17,AIF001,71.0,66.7,65851,91.2,25.3
2026-01-17,AIF002,67.5,47.0,136408,62.8,64.6
2026-01-17,AIF003,76.9,80.7,17737,68.0,75.6
2026-01-17,AIF004,77.3,18.1,134028,72.3,11.0
2026-01-17,AIF005,58.0,38.4,8062,74.9,27.2
2026-01-17,AIF006,77.6,41.9,183766,75.4,66.3
2026-01-17,AIF007,89.7,80.7,148827,90.0,56.2
2026-01-17,AIF008,52.2,54.2,44291,82.9,17.8
2026-01-17,AIF009,47.1,54.7,44528,87.4,16.3
2026-01-17,AIF010,90.2,53.0,82902,82.8,19.0
2026-01-17,AIF011,92.6,32.8,2071,90.8,27.7
2026-01-17,AIF012,96.7,83.8,166621,67.2,71.8
2026-01-17,AIF013,80.6,30.5,65669,93.5,21.7
2026-01-17,AIF014,42.5,49.7,113304,85.0,86.1
2026-01-17,AIF015,58.6,66.4,144156,78.3,9.8
2026-01-17,AIF016,42.7,43.0,46306,68.1,68.8
2026-01-17,AIF017,70.9,30.2,13591,84.7,8.4
2026-01-17,AIF018,72.6,55.4,170024,94.7,66.7
2026-01-17,AIF019,49.8,65.8,152917,78.6,41.2
2026-01-17,AIF020,64.0,54.6,52046,81.3,29.8
2026-01-17,AIF021,52.2,36.3,71914,63.6,10.7
2026-01-17,AIF022,65.9,55.5,36836,67.7,55.5
2026-01-17,AIF023,57.1,40.4,136175,85.5,10.5
2026-01-17,AIF024,60.9,57.2,120983,71.0,57.6
2026-01-17,AIF025,42.3,49.1,33533,70.5,63.8
2026-01-17,AIF026,51.4,43.4,150489,66.9,73.1
2026-01-17,AIF027,63.8,63.5,107455,98.9,91.0
2026-01-17,AIF028,40.7,60.7,164153,71.4,11.3
2026-01-17,AIF029,73.9,51.0,116257,71.2,19.2
2026-01-17,AIF030,88.9,49.1,168172,80.4,82.6
2026-01-17,AIF031,41.7,80.3,61046,94.2,67.6
2026-01-17,AIF032,57.6,23.5,108591,92.4,24.3
2026-01-17,AIF033,53.8,47.4,46109,88.9,43.1
2026-01-17,AIF034,75.1,76.5,24097,65.1,21.6
2026-01-17,AIF035,56.8,36.3,153873,68.3,86.2
2026-01-17,AIF036,60.5,79.6,162877,75.7,87.9
2026-01-18,AIF001,90.7,81.8,52235,81.0,33.5
2026-01-18,AIF002,75.5,25.1,146126,98.4,18.8
2026-01-18,AIF003,54.7,66.7,81035,96.5,41.2
2026-01-18,AIF004,65.1,74.9,106762,81.8,39.8
2026-01-18,AIF005,68.7,73.1,135183,75.3,88.7
2026-01-18,AIF006,41.9,83.9,113939,82.1,38.9
2026-01-18,AIF007,41.9,43.6,75273,83.5,86.3
2026-01-18,AIF008,56.4,32.9,115263,84.9,29.5
2026-01-18,AIF009,48.7,67.3,61733,86.1,47.3
2026-01-18,AIF010,65.7,55.9,32460,82.2,24.8
2026-01-18,AIF011,89.9,35.8,144043,85.1,44.2
2026-01-18,AIF012,68.9,80.8,177451,92.3,90.5
2026-01-18,AIF013,72.2,57.9,20418,80.7,18.0
2026-01-18,AIF014,53.5,47.0,146466,64.9,83.9
2026-01-18,AIF015,54.9,21.1,66029,90.1,71.8
2026-01-18,AIF016,48.2,36.0,162348,93.7,52.4
2026-01-18,AIF017,69.7,64.5,85709,93.5,48.4
2026-01-18,AIF018,61.3,22.7,130469,93.7,25.1
2026-01-18,AIF019,61.1,42.7,149992,82.6,54.3
2026-01-18,AIF020,83.9,55.8,65332,97.1,12.9
2026-01-18,AIF021,69.9,56.4,165430,72.9,33.1
2026-01-18,AIF022,88.9,37.5,83404,63.5,70.1
2026-01-18,AIF023,75.1,41.5,56593,69.8,42.7
2026-01-18,AIF024,77.7,74.7,14283,69.4,67.8
2026-01-18,AIF025,73.8,44.3,136558,93.2,32.4
2026-01-18,AIF026,85.7,60.1,173822,90.1,26.8
2026-01-18,AIF027,45.7,60.4,174458,62.9,25.4
2026-01-18,AIF028,90.2,60.3,26853,93.7,76.7
2026-01-18,AIF029,46.9,27.5,103574,92.6,80.9
2026-01-18,AIF030,80.8,45.4,140712,96.0,80.0
2026-01-18,AIF031,49.3,18.2,11557,84.1,14.2
2026-01-18,AIF032,60.8,31.6,105711,62.8,10.5
2026-01-18,AIF033,46.7,21.1,26533,84.7,43.0
2026-01-18,AIF034,77.4,64.6,84050,62.6,14.7
2026-01-18,AIF035,61.2,48.7,16748,96.7,69.4
2026-01-18,AIF036,58.6,56.6,21934,90.5,69.8
2026-01-19,AIF001,58.6,80.7,26997,95.5,15.0
2026-01-19,AIF002,52.4,58.8,177803,98.7,69.7
2026-01-19,AIF003,76.5,39.5,101756,96.1,83.0
2026-01-19,AIF004,71.7,64.2,14594,89.7,43.7
2026-01-19,AIF005,96.4,54.4,161021,88.6,67.5
2026-01-19,AIF006,70.7,48.0,98288,76.2,23.1
2026-01-19,AIF007,58.9,60.0,87642,92.2,19.5
2026-01-19,AIF008,65.6,49.4,16323,87.4,65.0
2026-01-19,AIF009,54.9,68.2,142928,76.1,41.8
2026-01-19,AIF010,86.5,64.7,105805,73.3,93.4
2026-01-19,AIF011,68.6,81.4,17631,92.4,46.9
2026-01-19,AIF012,88.4,78.9,6889,79.4,38.9
2026-01-19,AIF013,72.7,56.8,99057,66.3,44.8
2026-01-19,AIF014,96.0,83.2,84060,98.6,41.6
2026-01-19,AIF015,78.4,52.3,155966,93.2,9.6
2026-01-19,AIF016,40.6,48.4,112192,84.9,30.8
2026-01-19,AIF017,63.4,37.5,178826,63.0,75.5
2026-01-19,AIF018,71.0,38.0,32474,97.2,18.3
2026-01-19,AIF019,84.4,19.7,171832,95.6,41.0
2026-01-19,AIF020,56.1,83.7,27876,75.5,49.4
2026-01-19,AIF021,58.5,67.5,10697,84.1,73.1
2026-01-19,AIF022,82.9,39.1,56319,62.2,11.3
2026-01-19,AIF023,48.9,69.5,167634,98.6,91.5
2026-01-19,AIF024,58.8,52.1,140596,87.3,93.4
2026-01-19,AIF025,48.8,29.6,135575,98.6,66.7
2026-01-19,AIF026,73.6,49.9,143759,86.4,18.9
2026-01-19,AIF027,83.1,76.8,27878,67.4,39.1
2026-01-19,AIF028,95.6,33.7,170531,96.6,58.6
2026-01-19,AIF029,81.8,69.0,84838,90.0,40.9
2026-01-19,AIF030,52.9,29.4,64740,86.7,85.5
2026-01-19,AIF031,93.0,61.9,22723,69.1,8.1
2026-01-19,AIF032,95.8,52.4,181367,99.0,72.2
2026-01-19,AIF033,75.3,77.8,90329,91.1,12.4
2026-01-19,AIF034,94.8,33.8,138818,88.5,43.7
2026-01-19,AIF035,65.9,50.8,150064,74.8,26.9
2026-01-19,AIF036,60.5,27.3,56156,64.1,34.7
2026-01-20,AIF001,72.5,70.7,85891,81.8,61.0
2026-01-20,AIF002,86.1,57.2,184054,83.5,35.0
2026-01-20,AIF003,78.8,75.3,142611,84.0,67.9
2026-01-20,AIF004,42.6,58.7,178469,76.4,10.4
2026-01-20,AIF005,87.4,80.4,148206,95.4,80.8
2026-01-20,AIF006,50.9,67.0,50479,68.6,62.6
2026-01-20,AIF007,93.4,33.7,97021,86.6,74.0
2026-01-20,AIF008,95.6,60.8,58454,93.2,33.5
2026-01-20,AIF009,66.0,65.3,158494,74.1,69.2
2026-01-20,AIF010,65.4,42.5,57840,75.1,35.2
2026-01-20,AIF011,73.7,80.2,79158,93.9,26.4
2026-01-20,AIF012,94.2,78.3,116403,94.8,65.5
2026-01-20,AIF013,51.2,71.7,176436,95.3,73.2
2026-01-20,AIF014,46.2,46.1,69554,76.8,60.6
2026-01-20,AIF015,63.4,45.1,36522,69.6,44.7
2026-01-20,AIF016,86.7,67.6,157457,73.6,91.8
2026-01-20,AIF017,82.0,55.6,132291,85.5,53.6
2026-01-20,AIF018,49.1,36.1,10962,81.7,82.3
2026-01-20,AIF019,45.6,36.3,112338,82.2,14.5
2026-01-20,AIF020,87.8,49.9,24850,65.2,18.1
2026-01-20,AIF021,55.3,36.4,53755,66.9,32.0
2026-01-20,AIF022,79.2,75.9,105808,95.2,37.6
2026-01-20,AIF023,49.0,32.8,35939,86.7,67.3
2026-01-20,AIF024,54.9,44.4,87301,94.6,83.4
2026-01-20,AIF025,78.4,18.6,74745,73.7,51.6
2026-01-20,AIF026,79.3,24.6,66660,93.3,17.0
2026-01-20,AIF027,67.3,60.0,157125,81.0,75.0
2026-01-20,AIF028,69.6,62.6,177981,72.0,34.0
2026-01-20,AIF029,88.8,57.7,68649,98.7,14.8
2026-01-20,AIF030,93.6,53.8,184767,79.9,12.9
2026-01-20,AIF031,55.3,42.6,142752,63.9,41.3
2026-01-20,AIF032,70.0,65.5,45052,86.2,52.7
2026-01-20,AIF033,93.9,72.3,76816,75.2,88.9
2026-01-20,AIF034,48.9,53.8,165889,91.0,69.5
2026-01-20,AIF035,53.8,35.8,10020,78.3,27.2
2026-01-20,AIF036,96.0,67.2,22803,75.5,10.9
2026-01-21,AIF001,64.5,73.6,184051,89.6,68.0
2026-01-21,AIF002,90.1,34.0,31586,90.0,35.8
2026-01-21,AIF003,50.9,29.2,155908,78.7,73.7
2026-01-21,AIF004,81.5,54.2,128586,82.2,81.3
2026-01-21,AIF005,66.1,52.9,4272,70.8,57.8
2026-01-21,AIF006,86.4,74.3,123306,79.3,34.2
2026-01-21,AIF007,59.1,55.9,19240,76.0,89.4
2026-01-21,AIF008,66.7,70.2,50166,88.7,93.8
2026-01-21,AIF009,87.7,33.0,183687,95.6,54.6
2026-01-21,AIF010,71.2,51.4,40359,94.6,29.1
2026-01-21,AIF011,45.3,34.0,4026,94.2,40.5
2026-01-21,AIF012,67.4,36.4,152311,69.3,31.1
2026-01-21,AIF013,67.5,18.9,130668,93.0,54.3
2026-01-21,AIF014,89.0,40.4,52711,93.0,83.0
2026-01-21,AIF015,49.0,39.0,163348,75.5,22.5
2026-01-21,AIF016,45.7,18.7,13208,87.0,32.5
2026-01-21,AIF017,59.6,56.4,150469,69.1,25.8
2026-01-21,AIF018,45.8,64.8,148090,86.7,68.1
2026-01-21,AIF019,41.9,70.7,180856,67.1,76.8
2026-01-21,AIF020,43.7,19.3,23946,88.5,23.4
2026-01-21,AIF021,44.5,35.0,87160,96.4,52.3
2026-01-21,AIF022,56.8,61.4,162736,68.0,37.0
2026-01-21,AIF023,62.5,47.3,103134,65.9,64.8
2026-01-21,AIF024,44.7,35.2,88460,97.5,50.9
2026-01-21,AIF025,95.4,72.4,177740,62.8,16.3
2026-01-21,AIF026,95.0,20.3,94098,62.2,62.8
2026-01-21,AIF027,94.2,47.2,39590,94.2,19.6
2026-01-21,AIF028,48.3,22.3,132750,70.3,20.3
2026-01-21,AIF029,89.4,24.9,159581,69.4,35.9
2026-01-21,AIF030,89.1,79.0,105984,93.1,18.9
2026-01-21,AIF031,77.6,45.0,23551,88.5,43.3
2026-01-21,AIF032,66.5,79.7,33199,95.1,44.5
2026-01-21,AIF033,49.1,52.6,46175,84.2,39.4
2026-01-21,AIF034,42.5,33.5,148890,82.8,47.9
2026-01-21,AIF035,66.5,54.9,174813,79.9,38.1
2026-01-21,AIF036,44.3,62.6,100392,70.0,57.0
2026-01-22,AIF001,44.1,24.3,169554,94.2,71.9
2026-01-22,AIF002,42.0,60.3,80015,82.0,78.8
2026-01-22,AIF003,93.8,25.2,67299,82.0,18.1
2026-01-22,AIF004,66.1,28.2,3048,77.3,29.6
2026-01-22,AIF005,82.2,52.4,148718,82.5,22.7
2026-01-22,AIF006,96.5,32.2,114068,92.7,47.8
2026-01-22,AIF007,67.5,35.7,98517,73.2,43.7
2026-01-22,AIF008,82.3,29.8,108084,89.4,91.6
2026-01-22,AIF009,92.1,43.1,153270,93.7,65.6
2026-01-22,AIF010,44.8,46.6,16190,85.3,83.5
2026-01-22,AIF011,91.0,41.5,8850,62.3,49.7
2026-01-22,AIF012,58.5,36.1,98625,94.9,39.8
2026-01-22,AIF013,52.2,57.7,182784,66.2,28.6
2026-01-22,AIF014,71.9,45.8,74098,79.3,33.1
2026-01-22,AIF015,75.3,79.1,3757,87.5,30.7
2026-01-22,AIF016,96.1,42.7,36756,75.8,76.4
2026-01-22,AIF017,56.7,62.0,89903,80.5,59.2
2026-01-22,AIF018,50.4,57.1,153958,96.7,41.5
2026-01-22,AIF019,90.3,78.5,84942,82.9,36.7
2026-01-22,AIF020,86.7,63.4,106850,90.8,69.8
2026-01-22,AIF021,59.8,34.6,6499,94.8,71.6
2026-01-22,AIF022,96.5,21.6,151920,97.2,54.5
2026-01-22,AIF023,65.6,31.6,20757,72.1,55.8
2026-01-22,AIF024,72.8,34.7,84277,63.2,76.8
2026-01-22,AIF025,85.1,35.1,145283,93.2,40.9
2026-01-22,AIF026,74.3,47.4,69394,91.9,88.6
2026-01-22,AIF027,91.6,25.8,50301,87.2,53.3
2026-01-22,AIF028,51.8,81.4,169693,64.8,68.9
2026-01-22,AIF029,44.8,48.0,94202,68.5,48.8
2026-01-22,AIF030,67.6,23.1,184416,82.8,38.2
2026-01-22,AIF031,70.7,65.9,79870,69.9,30.3
2026-01-22,AIF032,83.0,20.3,111742,83.4,8.6
2026-01-22,AIF033,96.4,27.0,148415,81.0,39.7
2026-01-22,AIF034,93.7,52.6,5188,80.1,49.7
2026-01-22,AIF035,56.3,18.8,122632,94.9,68.6
2026-01-22,AIF036,87.3,35.8,181974,83.6,67.6
2026-01-23,AIF001,83.7,55.4,125582,93.9,40.8
2026-01-23,AIF002,80.8,21.5,50521,86.0,15.9
2026-01-23,AIF003,57.9,34.2,14984,82.2,11.6
2026-01-23,AIF004,59.4,51.6,100389,71.0,26.0
2026-01-23,AIF005,45.1,25.0,132849,66.1,73.9
2026-01-23,AIF006,65.6,54.2,105286,91.9,37.4
2026-01-23,AIF007,51.0,25.0,152848,96.2,79.7
2026-01-23,AIF008,53.6,28.1,116620,98.6,9.3
2026-01-23,AIF009,77.9,34.4,105281,93.9,38.2
2026-01-23,AIF010,64.9,69.7,102388,70.9,17.8
2026-01-23,AIF011,82.1,46.7,90582,83.7,49.1
2026-01-23,AIF012,62.3,64.0,70380,93.8,11.6
2026-01-23,AIF013,88.9,19.4,110904,69.3,41.4
2026-01-23,AIF014,61.8,33.3,118978,68.8,24.4
2026-01-23,AIF015,95.3,61.0,134953,94.6,56.8
2026-01-23,AIF016,91.3,55.9,178161,90.1,60.2
2026-01-23,AIF017,86.8,47.8,165734,66.4,37.9
2026-01-23,AIF018,46.4,68.4,50804,97.0,54.9
2026-01-23,AIF019,85.0,30.3,120448,75.8,13.6
2026-01-23,AIF020,64.9,72.1,11027,96.0,61.5
2026-01-23,AIF021,90.0,21.1,179932,93.1,66.8
2026-01-23,AIF022,65.1,76.8,124037,96.9,22.8
2026-01-23,AIF023,55.9,50.9,40375,79.7,44.5
2026-01-23,AIF024,65.5,38.1,51685,93.1,21.8
2026-01-23,AIF025,52.3,50.1,152467,69.0,81.3
2026-01-23,AIF026,76.7,47.9,152051,68.6,22.7
2026-01-23,AIF027,83.8,51.3,109225,70.2,12.6
2026-01-23,AIF028,55.2,56.5,5669,77.9,71.5
2026-01-23,AIF029,46.2,18.3,44643,88.6,14.3
2026-01-23,AIF030,54.8,75.1,70507,96.6,11.2
2026-01-23,AIF031,43.1,51.7,75950,75.3,73.9
2026-01-23,AIF032,68.9,57.7,178437,68.8,81.1
2026-01-23,AIF033,53.1,26.7,91043,75.9,61.0
2026-01-23,AIF034,47.8,41.1,116221,87.2,38.7
2026-01-23,AIF035,63.1,81.0,35225,72.7,15.7
2026-01-23,AIF036,56.1,69.2,184797,83.7,61.3
2026-01-24,AIF001,84.0,69.0,153874,90.6,61.3
2026-01-24,AIF002,95.3,68.0,160346,79.8,39.0
2026-01-24,AIF003,55.4,54.3,83154,78.9,60.0
2026-01-24,AIF004,44.8,32.9,111674,64.8,62.0
2026-01-24,AIF005,64.8,72.2,70052,77.5,70.0
2026-01-24,AIF006,82.4,76.9,133781,76.4,11.9
2026-01-24,AIF007,84.7,62.0,56883,70.6,65.6
2026-01-24,AIF008,63.9,29.2,141032,71.7,29.5
2026-01-24,AIF009,70.0,67.3,55009,78.9,93.3
2026-01-24,AIF010,86.5,49.7,47709,85.2,77.8
2026-01-24,AIF011,69.6,18.4,93784,77.8,25.9
2026-01-24,AIF012,68.8,66.8,181563,71.9,14.6
2026-01-24,AIF013,78.9,76.5,89765,90.4,90.7
2026-01-24,AIF014,72.1,28.3,173186,82.9,78.2
2026-01-24,AIF015,44.3,78.4,43668,96.4,43.3
2026-01-24,AIF016,75.4,67.3,4352,73.3,30.0
2026-01-24,AIF017,96.4,42.1,11651,80.6,72.2
2026-01-24,AIF018,87.5,26.0,157492,88.0,51.2
2026-01-24,AIF019,63.5,78.2,26894,67.5,53.5
2026-01-24,AIF020,93.2,27.7,57136,96.9,78.8
2026-01-24,AIF021,69.5,75.1,59621,76.1,53.5
2026-01-24,AIF022,74.5,42.5,114346,72.7,8.1
2026-01-24,AIF023,45.3,34.4,80239,70.8,18.8
2026-01-24,AIF024,90.1,33.4,63166,85.9,38.4
2026-01-24,AIF025,70.4,64.0,22138,73.2,87.9
2026-01-24,AIF026,74.4,58.3,175719,69.4,40.2
2026-01-24,AIF027,84.1,57.6,175777,72.0,45.4
2026-01-24,AIF028,64.8,72.4,67687,80.2,52.7
2026-01-24,AIF029,91.1,75.2,127777,67.3,9.4
2026-01-24,AIF030,86.0,35.2,168334,70.6,82.6
2026-01-24,AIF031,77.0,30.3,111854,93.5,69.9
2026-01-24,AIF032,87.9,80.2,30443,70.6,39.1
2026-01-24,AIF033,64.1,24.4,86121,91.5,92.2
2026-01-24,AIF034,42.4,32.0,24581,97.7,65.8
2026-01-24,AIF035,78.0,79.8,103395,93.1,73.7
2026-01-24,AIF036,75.3,69.4,154028,64.4,41.0
2026-01-25,AIF001,52.4,18.6,60303,90.9,71.0
2026-01-25,AIF002,47.6,29.6,117756,90.2,82.0
2026-01-25,AIF003,81.7,49.9,13427,68.7,85.0
2026-01-25,AIF004,95.3,79.5,153288,89.8,74.0
2026-01-25,AIF005,54.3,78.1,70374,98.2,89.8
2026-01-25,AIF006,56.6,72.2,24528,87.6,48.0
2026-01-25,AIF007,52.4,25.3,159865,98.1,23.4
2026-01-25,AIF008,87.7,31.6,113590,98.7,34.1
2026-01-25,AIF009,78.6,77.7,51626,76.5,36.2
2026-01-25,AIF010,81.1,21.3,125763,74.3,86.4
2026-01-25,AIF011,67.7,80.4,82236,74.3,65.3
2026-01-25,AIF012,56.0,49.4,135569,68.9,82.5
2026-01-25,AIF013,79.4,34.8,89874,95.7,12.0
2026-01-25,AIF014,75.9,23.0,60201,89.9,28.2
2026-01-25,AIF015,54.9,83.4,125991,84.9,80.9
2026-01-25,AIF016,93.0,42.7,40170,98.1,51.0
2026-01-25,AIF017,92.0,32.9,35024,80.8,71.5
2026-01-25,AIF018,45.1,29.5,182513,70.2,77.6
2026-01-25,AIF019,41.2,72.4,122282,66.9,67.6
2026-01-25,AIF020,75.7,74.1,87191,68.9,47.4
2026-01-25,AIF021,72.1,74.3,121715,74.9,47.7
2026-01-25,AIF022,67.3,36.4,131830,73.6,53.2
2026-01-25,AIF023,85.5,20.4,112448,74.6,87.6
2026-01-25,AIF024,72.3,71.5,42340,66.0,73.3
2026-01-25,AIF025,96.1,39.2,57976,89.3,45.0
2026-01-25,AIF026,64.1,68.9,21088,82.6,61.9
2026-01-25,AIF027,40.8,67.5,51494,69.4,44.1
2026-01-25,AIF028,71.3,46.0,19226,70.0,17.0
2026-01-25,AIF029,52.0,80.1,134281,95.1,54.8
2026-01-25,AIF030,66.3,27.2,93666,90.5,64.6
2026-01-25,AIF031,54.6,69.2,50609,69.3,81.7
2026-01-25,AIF032,46.7,70.7,156490,88.2,26.9
2026-01-25,AIF033,77.6,76.9,73552,97.4,91.3
2026-01-25,AIF034,91.3,43.4,52458,86.7,26.9
2026-01-25,AIF035,47.6,34.9,16590,66.2,11.1
2026-01-25,AIF036,80.2,22.9,83287,83.0,90.3
2026-01-26,AIF001,50.5,32.5,182068,89.1,31.1
2026-01-26,AIF002,69.2,38.6,45074,80.7,51.2
2026-01-26,AIF003,73.0,74.5,156637,87.3,49.4
2026-01-26,AIF004,46.1,31.2,88138,97.3,70.9
2026-01-26,AIF005,96.9,67.3,63862,64.6,85.0
2026-01-26,AIF006,45.7,24.4,21893,89.1,75.0
2026-01-26,AIF007,56.2,73.6,15583,85.0,28.2
2026-01-26,AIF008,87.6,77.1,89557,67.3,19.4
2026-01-26,AIF009,54.4,77.0,99748,95.7,8.8
2026-01-26,AIF010,43.5,68.9,91871,97.6,35.7
2026-01-26,AIF011,46.3,59.7,170411,88.3,91.0
2026-01-26,AIF012,52.5,56.1,63876,74.8,73.8
2026-01-26,AIF013,55.3,57.3,129150,74.4,86.9
2026-01-26,AIF014,66.5,53.0,150027,90.1,46.9
2026-01-26,AIF015,77.0,58.4,127138,95.6,77.1
2026-01-26,AIF016,57.3,34.4,135464,64.9,65.7
2026-01-26,AIF017,80.4,67.4,77897,69.8,63.6
2026-01-26,AIF018,56.4,82.2,27512,62.2,65.2
2026-01-26,AIF019,57.3,40.9,117310,86.7,53.5
2026-01-26,AIF020,89.9,60.0,45973,98.0,85.1
2026-01-26,AIF021,49.7,79.3,176140,71.0,43.0
2026-01-26,AIF022,86.8,63.6,178575,93.9,10.5
2026-01-26,AIF023,71.3,48.9,64383,96.8,8.7
2026-01-26,AIF024,52.2,23.9,146605,67.6,11.2
2026-01-26,AIF025,40.3,37.9,105160,82.1,91.3
2026-01-26,AIF026,63.4,73.9,33337,84.8,36.9
2026-01-26,AIF027,53.6,74.2,28049,82.1,8.6
2026-01-26,AIF028,60.9,82.4,57626,83.7,80.4
2026-01-26,AIF029,60.4,80.4,121628,98.1,26.8
2026-01-26,AIF030,95.7,57.9,167894,94.0,66.3
2026-01-26,AIF031,47.0,75.9,68364,94.0,77.0
2026-01-26,AIF032,43.4,60.2,161929,63.3,24.9
2026-01-26,AIF033,79.1,19.6,108873,97.0,42.2
2026-01-26,AIF034,44.0,57.3,16250,95.3,43.8
2026-01-26,AIF035,94.2,77.3,82156,65.7,24.9
2026-01-26,AIF036,71.1,27.8,153266,80.6,13.9
2026-01-27,AIF001,56.9,54.0,61732,76.7,78.0
2026-01-27,AIF002,60.3,68.9,115199,69.5,73.0
2026-01-27,AIF003,86.0,30.4,26752,79.4,80.7
2026-01-27,AIF004,95.2,41.4,80758,74.2,29.5
2026-01-27,AIF005,76.7,58.1,61335,66.1,9.3
2026-01-27,AIF006,83.4,38.2,148667,76.7,38.3
2026-01-27,AIF007,72.7,83.7,75911,66.8,11.6
2026-01-27,AIF008,45.5,21.1,33901,73.1,90.2
2026-01-27,AIF009,63.7,43.7,40387,86.0,68.6
2026-01-27,AIF010,81.7,46.7,42226,67.1,66.5
2026-01-27,AIF011,76.7,51.8,115405,88.6,36.4
2026-01-27,AIF012,67.2,31.2,154066,78.2,62.2
2026-01-27,AIF013,78.6,38.0,51724,80.4,86.7
2026-01-27,AIF014,57.8,42.3,45898,88.0,17.1
2026-01-27,AIF015,57.1,72.2,46726,89.8,60.9
2026-01-27,AIF016,60.0,56.6,139526,74.7,52.8
2026-01-27,AIF017,72.9,19.1,149884,71.8,25.2
2026-01-27,AIF018,95.9,61.9,2747,73.5,81.8
2026-01-27,AIF019,61.8,30.0,31572,73.9,61.9
2026-01-27,AIF020,91.2,35.1,21604,70.8,82.0
2026-01-27,AIF021,61.7,39.4,140472,98.5,81.9
2026-01-27,AIF022,66.1,65.5,61791,77.7,39.8
2026-01-27,AIF023,47.9,31.5,38777,90.9,86.7
2026-01-27,AIF024,78.2,64.5,4969,65.8,69.9
2026-01-27,AIF025,89.3,19.8,47474,94.5,48.7
2026-01-27,AIF026,93.5,34.1,9931,83.0,66.3
2026-01-27,AIF027,63.1,67.7,116351,76.8,71.2
2026-01-27,AIF028,53.1,59.5,142078,82.5,83.8
2026-01-27,AIF029,58.2,38.6,179284,66.4,29.2
2026-01-27,AIF030,65.7,76.5,122619,77.1,80.3
2026-01-27,AIF031,68.6,61.8,109087,68.1,49.5
2026-01-27,AIF032,62.8,63.2,107995,73.5,33.0
2026-01-27,AIF033,78.5,39.2,86407,79.9,88.8
2026-01-27,AIF034,56.6,43.0,66765,66.6,57.2
2026-01-27,AIF035,66.9,56.1,152800,69.3,56.1
2026-01-27,AIF036,76.1,60.8,120376,79.6,87.8
2026-01-28,AIF001,70.8,74.3,146405,95.0,42.2
2026-01-28,AIF002,82.4,74.2,129619,74.2,55.9
2026-01-28,AIF003,73.9,51.6,24461,79.8,78.5
2026-01-28,AIF004,61.4,69.4,64858,95.6,22.9
2026-01-28,AIF005,47.3,45.5,31031,71.2,89.2
2026-01-28,AIF006,70.6,32.0,116310,63.7,19.3
2026-01-28,AIF007,54.6,79.9,53291,93.5,92.2
2026-01-28,AIF008,67.2,46.4,160643,78.8,92.8
2026-01-28,AIF009,61.9,22.9,81145,65.4,21.1
2026-01-28,AIF010,81.8,65.6,98182,82.3,33.8
2026-01-28,AIF011,75.6,52.1,114867,79.6,62.1
2026-01-28,AIF012,96.6,27.1,134901,92.0,50.3
2026-01-28,AIF013,84.8,71.1,119135,95.8,73.8
2026-01-28,AIF014,41.0,28.5,95019,62.6,32.6
2026-01-28,AIF015,81.0,67.2,54521,70.4,72.4
2026-01-28,AIF016,93.6,64.7,149207,70.9,76.3
2026-01-28,AIF017,74.9,37.1,167247,70.6,74.6
2026-01-28,AIF018,72.5,32.5,33690,73.7,13.0
2026-01-28,AIF019,86.4,27.7,168869,88.2,82.0
2026-01-28,AIF020,88.4,23.3,171809,80.3,15.7
2026-01-28,AIF021,79.1,43.8,74745,88.8,87.8
2026-01-28,AIF022,40.1,20.7,89103,78.1,55.8
2026-01-28,AIF023,55.5,71.1,53766,92.8,25.3
2026-01-28,AIF024,50.1,83.2,31360,84.3,44.1
2026-01-28,AIF025,88.3,65.0,49106,62.6,23.1
2026-01-28,AIF026,41.4,82.7,93608,71.9,55.2
2026-01-28,AIF027,53.2,40.4,35110,69.8,57.5
2026-01-28,AIF028,93.0,60.6,51909,76.3,62.6
2026-01-28,AIF029,79.4,83.3,101770,97.1,79.3
2026-01-28,AIF030,87.8,21.4,44339,93.3,37.9
2026-01-28,AIF031,83.9,59.3,101594,90.2,73.4
2026-01-28,AIF032,42.6,19.8,16377,95.0,41.9
2026-01-28,AIF033,58.3,33.6,128844,76.5,46.1
2026-01-28,AIF034,63.9,61.6,119820,70.7,77.5
2026-01-28,AIF035,65.0,75.3,97844,71.2,61.0
2026-01-28,AIF036,61.8,49.0,113921,64.5,32.8
2026-01-29,AIF001,48.0,75.6,11296,97.2,66.6
2026-01-29,AIF002,49.5,52.0,128542,85.1,36.8
2026-01-29,AIF003,57.8,71.9,35818,89.3,32.1
2026-01-29,AIF004,62.7,58.6,61201,76.6,43.1
2026-01-29,AIF005,93.8,35.5,81024,67.2,67.8
2026-01-29,AIF006,75.4,75.3,6822,76.0,80.6
2026-01-29,AIF007,93.5,34.9,160920,66.3,16.4
2026-01-29,AIF008,87.0,82.9,144565,72.9,88.1
2026-01-29,AIF009,87.2,44.2,146534,92.5,73.6
2026-01-29,AIF010,50.8,49.1,97871,63.6,83.7
2026-01-29,AIF011,88.0,20.0,88705,69.0,23.3
2026-01-29,AIF012,93.4,61.8,98363,80.9,57.2
2026-01-29,AIF013,78.8,58.8,81024,64.1,27.7
2026-01-29,AIF014,45.8,76.7,172957,85.1,37.6
2026-01-29,AIF015,65.5,34.7,37816,62.3,68.3
2026-01-29,AIF016,53.6,77.8,24404,92.4,89.9
2026-01-29,AIF017,55.9,62.9,75010,83.7,92.2
2026-01-29,AIF018,41.3,22.2,48601,83.9,54.0
2026-01-29,AIF019,73.4,48.9,85838,77.1,42.0
2026-01-29,AIF020,75.9,59.1,92162,89.3,28.6
2026-01-29,AIF021,53.6,50.7,167060,86.6,93.8
2026-01-29,AIF022,43.3,34.5,119505,77.6,47.2
2026-01-29,AIF023,95.4,76.1,15717,97.4,75.9
2026-01-29,AIF024,63.6,22.3,18753,64.2,60.4
2026-01-29,AIF025,60.0,41.1,177617,96.7,72.0
2026-01-29,AIF026,44.5,67.7,172729,86.3,59.0
2026-01-29,AIF027,55.8,81.4,167816,90.0,22.3
2026-01-29,AIF028,79.1,31.1,106290,79.3,41.5
2026-01-29,AIF029,43.8,50.8,117449,81.2,41.6
2026-01-29,AIF030,73.4,22.3,24025,91.4,61.2
2026-01-29,AIF031,80.3,19.8,94454,92.4,36.3
2026-01-29,AIF032,94.8,52.5,164027,80.7,88.4
2026-01-29,AIF033,47.7,40.9,88905,83.8,22.3
2026-01-29,AIF034,71.1,39.4,67046,79.4,69.3
2026-01-29,AIF035,52.2,57.4,103619,97.1,59.0
2026-01-29,AIF036,45.7,43.3,16510,84.3,57.7
2026-01-30,AIF001,78.6,65.0,26335,64.0,36.6
2026-01-30,AIF002,93.1,32.4,55140,89.1,48.6
2026-01-30,AIF003,82.0,59.2,15483,74.6,61.8
2026-01-30,AIF004,90.0,18.6,31943,63.4,27.5
2026-01-30,AIF005,50.8,70.4,34231,67.5,55.7
2026-01-30,AIF006,91.2,65.9,160443,77.4,59.3
2026-01-30,AIF007,46.5,78.8,126813,75.9,11.4
2026-01-30,AIF008,83.0,71.2,150781,98.2,46.1
2026-01-30,AIF009,55.3,75.8,112259,62.0,67.0
2026-01-30,AIF010,85.4,41.0,156779,94.4,77.8
2026-01-30,AIF011,71.4,42.2,80917,71.7,83.1
2026-01-30,AIF012,79.3,63.0,153971,98.2,14.6
2026-01-30,AIF013,43.1,79.3,117347,82.5,27.7
2026-01-30,AIF014,68.3,64.6,129883,84.5,71.0
2026-01-30,AIF015,85.1,64.1,180206,81.4,37.4
2026-01-30,AIF016,44.7,43.7,108836,84.0,75.0
2026-01-30,AIF017,77.8,55.8,125977,75.3,92.2
2026-01-30,AIF018,80.2,60.7,118664,80.8,61.1
2026-01-30,AIF019,61.5,18.5,14613,81.1,52.6
2026-01-30,AIF020,48.2,30.4,159637,98.6,92.5
2026-01-30,AIF021,46.6,24.6,123256,65.8,63.7
2026-01-30,AIF022,53.3,35.8,167408,91.7,26.0
2026-01-30,AIF023,76.6,33.0,133759,77.8,78.4
2026-01-30,AIF024,57.4,38.9,158007,86.8,22.8
2026-01-30,AIF025,72.0,52.3,6330,97.2,45.2
2026-01-30,AIF026,64.8,49.1,116251,94.9,20.2
2026-01-30,AIF027,58.5,32.1,78900,79.2,45.2
2026-01-30,AIF028,66.8,20.7,40675,90.8,52.2
2026-01-30,AIF029,82.9,72.1,19495,62.3,81.1
2026-01-30,AIF030,53.8,80.6,151810,85.3,57.5
2026-01-30,AIF031,93.9,33.6,59742,69.2,17.0
2026-01-30,AIF032,52.0,39.1,75703,80.7,24.8
2026-01-30,AIF033,46.1,77.4,135368,81.0,34.5
2026-01-30,AIF034,69.6,68.4,71318,93.8,13.1
2026-01-30,AIF035,59.3,82.4,50166,69.5,84.8
2026-01-30,AIF036,51.7,38.4,144226,84.9,10.8
2026-01-31,AIF001,86.1,76.5,56691,82.1,25.7
2026-01-31,AIF002,78.8,75.9,22538,66.0,75.0
2026-01-31,AIF003,95.4,39.2,15543,83.9,76.3
2026-01-31,AIF004,69.7,35.9,18535,67.5,22.9
2026-01-31,AIF005,83.4,68.5,93517,75.7,56.8
2026-01-31,AIF006,85.0,37.3,31603,91.7,66.6
2026-01-31,AIF007,94.9,57.1,83687,96.5,41.5
2026-01-31,AIF008,72.5,58.6,78291,87.2,93.5
2026-01-31,AIF009,61.6,55.1,101951,89.2,49.2
2026-01-31,AIF010,72.1,63.5,73467,80.6,21.3
2026-01-31,AIF011,91.8,81.4,66923,88.2,84.8
2026-01-31,AIF012,85.3,24.4,120495,94.8,50.7
2026-01-31,AIF013,68.3,50.7,128401,86.4,80.4
2026-01-31,AIF014,40.6,64.3,103897,94.6,27.6
2026-01-31,AIF015,93.1,31.7,170114,76.5,28.1
2026-01-31,AIF016,64.4,48.2,10232,68.1,76.3
2026-01-31,AIF017,91.6,72.3,37107,84.9,25.9
2026-01-31,AIF018,77.6,32.5,67311,80.1,49.9
2026-01-31,AIF019,73.8,23.6,2129,86.0,15.7
2026-01-31,AIF020,92.0,83.5,102581,82.2,52.2
2026-01-31,AIF021,56.7,39.7,24510,66.5,69.5
2026-01-31,AIF022,71.2,42.1,123777,84.3,22.6
2026-01-31,AIF023,71.1,78.4,15601,74.8,92.2
2026-01-31,AIF024,84.8,73.1,144727,71.8,24.2
2026-01-31,AIF025,73.1,61.6,122614,64.7,41.5
2026-01-31,AIF026,66.5,19.5,101885,84.3,18.8
2026-01-31,AIF027,43.9,32.0,19245,74.1,79.6
2026-01-31,AIF028,47.0,81.3,176273,84.3,91.9
2026-01-31,AIF029,94.5,80.6,136923,78.9,35.5
2026-01-31,AIF030,46.9,22.7,161200,88.1,61.6
2026-01-31,AIF031,90.8,46.3,78392,67.8,64.8
2026-01-31,AIF032,89.6,29.8,29966,96.7,31.1
2026-01-31,AIF033,44.4,47.8,44692,69.2,49.8
2026-01-31,AIF034,52.5,64.6,113822,63.6,22.3
2026-01-31,AIF035,93.4,27.8,5207,72.8,27.3
2026-01-31,AIF036,76.2,60.5,126459,65.8,11.7
2026-02-01,AIF001,54.1,26.5,9077,70.8,29.0
2026-02-01,AIF002,74.7,50.9,29942,74.7,78.5
2026-02-01,AIF003,88.8,38.0,97852,76.1,80.5
2026-02-01,AIF004,83.4,58.6,73706,79.6,8.3
2026-02-01,AIF005,72.3,43.9,126526,71.1,71.6
2026-02-01,AIF006,96.8,22.4,34935,90.2,68.1
2026-02-01,AIF007,70.7,34.0,154455,85.4,70.5
2026-02-01,AIF008,85.0,51.6,54616,77.0,82.3
2026-02-01,AIF009,57.9,48.0,70589,76.5,73.2
2026-02-01,AIF010,92.0,52.3,182482,83.6,61.9
2026-02-01,AIF011,94.0,66.2,62350,79.6,49.5
2026-02-01,AIF012,73.6,52.5,139572,95.4,37.6
2026-02-01,AIF013,44.8,83.5,123505,68.3,76.3
2026-02-01,AIF014,88.9,21.2,51633,94.0,17.5
2026-02-01,AIF015,93.5,31.8,179244,96.9,66.2
2026-02-01,AIF016,85.1,37.3,34230,88.5,68.6
2026-02-01,AIF017,65.7,23.9,3122,70.8,36.9
2026-02-01,AIF018,91.0,38.7,143146,70.3,19.8
2026-02-01,AIF019,94.2,76.7,135190,81.2,59.5
2026-02-01,AIF020,56.9,45.2,170008,68.7,84.7
2026-02-01,AIF021,49.5,59.4,182523,86.4,63.1
2026-02-01,AIF022,43.4,52.0,51382,74.8,47.1
2026-02-01,AIF023,81.0,52.1,42801,74.6,61.2
2026-02-01,AIF024,96.6,70.2,144078,79.7,63.6
2026-02-01,AIF025,49.0,59.0,3111,65.5,52.3
2026-02-01,AIF026,61.2,37.1,158697,96.2,35.4
2026-02-01,AIF027,61.4,75.4,88198,63.3,73.8
2026-02-01,AIF028,94.6,25.8,87879,70.4,18.2
2026-02-01,AIF029,87.9,28.7,118123,91.3,82.5
2026-02-01,AIF030,59.0,72.3,88223,65.9,84.2
2026-02-01,AIF031,74.3,40.1,16932,82.9,46.2
2026-02-01,AIF032,83.1,81.8,146552,80.8,81.0
2026-02-01,AIF033,69.6,81.0,178130,78.3,11.6
2026-02-01,AIF034,49.5,72.0,20768,85.7,70.7
2026-02-01,AIF035,81.1,27.2,74951,93.7,42.6
2026-02-01,AIF036,77.7,37.4,75923,89.4,22.5
2026-02-02,AIF001,90.8,59.5,119889,70.3,26.7
2026-02-02,AIF002,52.5,32.2,35331,73.5,21.1
2026-02-02,AIF003,89.0,20.6,64080,66.2,38.3
2026-02-02,AIF004,89.0,40.6,93436,62.6,39.7
2026-02-02,AIF005,91.2,36.7,92110,86.0,38.3
2026-02-02,AIF006,53.4,70.0,6557,75.8,32.8
2026-02-02,AIF007,72.3,57.2,178862,63.9,84.7
2026-02-02,AIF008,95.2,33.3,134852,93.4,25.4
2026-02-02,AIF009,67.0,82.5,143095,97.6,49.3
2026-02-02,AIF010,66.9,20.0,73435,63.5,20.9
2026-02-02,AIF011,72.0,37.1,9437,79.4,60.4
2026-02-02,AIF012,67.5,66.1,27132,76.2,55.1
2026-02-02,AIF013,93.0,25.0,108216,72.1,38.0
2026-02-02,AIF014,87.7,81.2,90563,71.1,18.2
2026-02-02,AIF015,65.8,28.3,18512,96.2,51.3
2026-02-02,AIF016,91.8,83.3,19303,82.8,35.5
2026-02-02,AIF017,40.3,75.7,180998,86.6,65.4
2026-02-02,AIF018,69.5,65.3,183078,71.8,54.9
2026-02-02,AIF019,75.2,61.4,136693,75.7,19.7
2026-02-02,AIF020,82.5,35.1,59738,91.0,90.1
2026-02-02,AIF021,87.9,39.0,132560,95.4,50.8
2026-02-02,AIF022,85.1,27.4,175377,94.2,46.2
2026-02-02,AIF023,73.7,80.4,59031,64.6,18.7
2026-02-02,AIF024,72.0,72.7,101241,63.5,11.1
2026-02-02,AIF025,62.5,56.1,136386,82.3,52.8
2026-02-02,AIF026,96.1,61.8,106331,66.7,47.2
2026-02-02,AIF027,76.6,72.8,9052,67.2,85.1
2026-02-02,AIF028,86.4,66.2,97174,84.3,85.7
2026-02-02,AIF029,44.2,42.2,155579,83.5,28.5
2026-02-02,AIF030,84.2,30.2,59117,63.1,55.8
2026-02-02,AIF031,62.0,18.2,49535,80.3,78.2
2026-02-02,AIF032,50.6,81.8,46410,87.0,35.5
2026-02-02,AIF033,72.8,75.1,25171,92.6,36.2
2026-02-02,AIF034,56.4,73.6,144361,81.7,24.6
2026-02-02,AIF035,75.7,42.5,95488,65.8,17.0
2026-02-02,AIF036,71.9,35.4,124356,86.9,52.4
2026-02-03,AIF001,53.3,48.0,26246,91.1,68.7
2026-02-03,AIF002,79.8,68.8,55525,88.1,79.5
2026-02-03,AIF003,83.2,56.3,82606,91.3,22.5
2026-02-03,AIF004,92.5,60.2,67032,98.0,25.3
2026-02-03,AIF005,60.0,20.1,145634,88.3,11.7
2026-02-03,AIF006,56.0,35.6,42839,64.6,14.1
2026-02-03,AIF007,64.2,20.2,156649,63.2,28.8
2026-02-03,AIF008,85.5,36.2,135429,74.1,39.3
2026-02-03,AIF009,58.6,72.4,107949,97.4,73.0
2026-02-03,AIF010,47.3,19.3,68295,75.4,79.4
2026-02-03,AIF011,56.4,18.2,62224,76.7,49.1
2026-02-03,AIF012,42.6,49.8,170763,72.3,88.5
2026-02-03,AIF013,71.2,80.1,114123,98.9,71.1
2026-02-03,AIF014,95.1,34.4,178809,70.2,31.5
2026-02-03,AIF015,43.2,61.3,69617,87.4,84.0
2026-02-03,AIF016,43.9,68.1,75435,71.7,65.0
2026-02-03,AIF017,59.4,23.7,68007,84.9,35.7
2026-02-03,AIF018,85.2,79.5,50873,84.1,45.7
2026-02-03,AIF019,50.0,22.9,144952,94.6,71.0
2026-02-03,AIF020,85.4,32.3,153894,72.0,71.2
2026-02-03,AIF021,68.1,28.0,64796,69.1,36.4
2026-02-03,AIF022,55.7,50.7,102601,95.0,75.5
2026-02-03,AIF023,86.1,57.5,160320,76.5,38.1
2026-02-03,AIF024,97.0,76.3,159846,69.5,10.9
2026-02-03,AIF025,46.1,59.7,14440,63.1,13.7
2026-02-03,AIF026,47.4,58.2,19689,64.4,15.3
2026-02-03,AIF027,40.2,22.2,139168,74.1,43.4
2026-02-03,AIF028,83.4,61.1,155596,73.6,12.5
2026-02-03,AIF029,85.4,23.9,166215,69.9,67.0
2026-02-03,AIF030,91.5,83.1,113994,72.0,41.6
2026-02-03,AIF031,49.9,68.5,127582,87.7,20.9
2026-02-03,AIF032,52.2,77.2,106340,76.6,78.8
2026-02-03,AIF033,68.6,23.6,132792,77.8,38.0
2026-02-03,AIF034,91.7,38.2,170449,89.3,9.3
2026-02-03,AIF035,58.1,33.8,60747,90.4,16.2
2026-02-03,AIF036,86.5,18.2,124432,83.5,45.9
2026-02-04,AIF001,65.1,38.0,103596,86.1,90.7
2026-02-04,AIF002,51.9,63.3,10229,98.0,70.5
2026-02-04,AIF003,72.6,28.9,39637,64.6,30.2
2026-02-04,AIF004,86.3,41.3,26824,95.5,93.0
2026-02-04,AIF005,93.6,72.8,105396,91.5,52.6
2026-02-04,AIF006,91.9,37.6,181472,79.4,62.0
2026-02-04,AIF007,41.3,82.8,13196,86.6,84.4
2026-02-04,AIF008,76.6,51.8,29100,62.9,91.3
2026-02-04,AIF009,51.2,68.2,175499,83.5,34.5
2026-02-04,AIF010,50.1,22.1,135476,81.5,42.4
2026-02-04,AIF011,91.8,21.4,105484,88.1,24.5
2026-02-04,AIF012,63.8,60.2,48513,88.9,55.0
2026-02-04,AIF013,51.2,58.2,145103,71.2,51.0
2026-02-04,AIF014,78.8,53.7,85682,94.2,83.7
2026-02-04,AIF015,73.4,46.8,125033,79.6,64.9
2026-02-04,AIF016,85.2,43.8,80638,66.8,25.1
2026-02-04,AIF017,59.4,32.8,157779,97.6,83.1
2026-02-04,AIF018,65.6,45.1,151748,67.2,22.8
2026-02-04,AIF019,93.2,59.0,137096,74.3,85.6
2026-02-04,AIF020,84.0,72.4,129656,88.2,58.2
2026-02-04,AIF021,69.8,28.3,162643,96.1,69.0
2026-02-04,AIF022,58.2,29.7,146444,80.1,72.0
2026-02-04,AIF023,42.9,68.0,178025,72.2,15.9
2026-02-04,AIF024,59.1,22.9,50076,81.0,70.5
2026-02-04,AIF025,78.9,62.8,148375,83.2,17.6
2026-02-04,AIF026,63.2,18.4,111261,91.9,25.6
2026-02-04,AIF027,63.6,35.8,168076,66.6,49.2
2026-02-04,AIF028,91.7,71.9,69914,72.7,79.0
2026-02-04,AIF029,45.6,79.0,182053,78.9,31.1
2026-02-04,AIF030,60.8,72.1,103656,74.4,71.4
2026-02-04,AIF031,89.7,76.4,25466,77.9,53.8
2026-02-04,AIF032,42.4,69.7,63136,73.0,32.5
2026-02-04,AIF033,92.8,72.8,95361,81.7,44.0
2026-02-04,AIF034,58.1,21.1,166252,88.3,39.1
2026-02-04,AIF035,46.9,45.7,30369,86.7,65.7
2026-02-04,AIF036,89.5,73.3,81784,63.9,74.4
2026-02-05,AIF001,84.2,74.3,172141,64.1,54.9
2026-02-05,AIF002,81.0,62.0,171686,86.8,51.7
2026-02-05,AIF003,71.6,78.0,67711,74.6,66.4
2026-02-05,AIF004,48.6,44.4,123987,73.9,43.3
2026-02-05,AIF005,57.7,61.3,23436,75.3,13.2
2026-02-05,AIF006,72.0,46.5,15442,97.2,58.1
2026-02-05,AIF007,75.8,77.3,87413,98.4,26.6
2026-02-05,AIF008,40.8,31.2,91079,64.5,42.4
2026-02-05,AIF009,48.5,31.8,26810,64.4,93.2
2026-02-05,AIF010,76.9,46.2,125160,67.6,49.9
2026-02-05,AIF011,46.5,82.6,136162,71.6,13.3
2026-02-05,AIF012,79.4,61.6,16839,68.0,66.0
2026-02-05,AIF013,73.7,20.0,42876,84.8,45.4
2026-02-05,AIF014,90.7,40.0,102349,83.0,34.5
2026-02-05,AIF015,92.7,76.8,9355,84.6,92.2
2026-02-05,AIF016,88.9,44.7,148050,65.4,43.5
2026-02-05,AIF017,92.6,50.2,60628,67.6,34.2
2026-02-05,AIF018,86.8,21.8,136605,71.6,59.5
2026-02-05,AIF019,59.3,69.8,83297,67.6,37.3
2026-02-05,AIF020,60.9,61.3,135004,97.7,48.3
2026-02-05,AIF021,58.2,44.5,140920,65.8,62.0
2026-02-05,AIF022,84.3,57.4,168656,95.0,92.8
2026-02-05,AIF023,87.7,47.5,170300,90.4,86.4
2026-02-05,AIF024,68.2,54.5,117165,81.9,14.3
2026-02-05,AIF025,74.9,42.5,4449,63.3,85.7
2026-02-05,AIF026,66.0,38.3,68336,64.3,11.3
2026-02-05,AIF027,89.7,57.4,63554,85.1,44.2
2026-02-05,AIF028,96.9,60.4,122991,65.0,39.3
2026-02-05,AIF029,65.1,53.6,122027,84.9,33.8
2026-02-05,AIF030,86.4,79.8,109017,69.6,60.7
2026-02-05,AIF031,55.3,54.5,171627,82.3,78.5
2026-02-05,AIF032,72.7,22.0,111139,72.3,58.2
2026-02-05,AIF033,70.7,68.1,165080,90.5,68.4
2026-02-05,AIF034,67.3,23.6,149791,71.9,17.4
2026-02-05,AIF035,45.9,75.5,138664,96.5,39.8
2026-02-05,AIF036,70.9,29.5,94861,81.4,9.9
2026-02-06,AIF001,51.2,40.4,63359,72.6,82.5
2026-02-06,AIF002,49.6,81.7,12930,88.3,39.4
2026-02-06,AIF003,53.7,68.7,170541,69.9,88.8
2026-02-06,AIF004,87.9,64.1,20403,71.5,10.5
2026-02-06,AIF005,48.1,74.4,169004,84.3,26.1
2026-02-06,AIF006,84.3,59.5,109129,84.5,18.4
2026-02-06,AIF007,90.0,45.3,123435,62.8,21.9
2026-02-06,AIF008,77.3,53.9,32025,70.8,66.1
2026-02-06,AIF009,60.4,63.7,3137,77.8,8.2
2026-02-06,AIF010,46.8,18.9,126447,92.1,31.6
2026-02-06,AIF011,83.7,45.9,67484,81.5,36.8
2026-02-06,AIF012,53.9,79.5,153238,95.6,84.9
2026-02-06,AIF013,75.2,38.7,53350,76.5,89.3
2026-02-06,AIF014,69.0,50.4,56660,81.6,38.8
2026-02-06,AIF015,40.3,25.4,38383,86.2,26.8
2026-02-06,AIF016,87.4,52.6,108499,68.8,22.9
2026-02-06,AIF017,82.2,45.5,144230,62.6,47.6
2026-02-06,AIF018,76.4,69.2,184135,88.5,91.7
2026-02-06,AIF019,69.2,42.7,33193,67.1,16.5
2026-02-06,AIF020,73.8,56.6,55346,76.8,19.5
2026-02-06,AIF021,88.0,48.4,40113,83.4,20.5
2026-02-06,AIF022,66.4,40.7,5739,68.9,16.5
2026-02-06,AIF023,74.3,32.5,70015,83.9,74.9
2026-02-06,AIF024,45.9,47.5,111605,70.0,57.5
2026-02-06,AIF025,43.9,34.7,107401,87.7,24.8
2026-02-06,AIF026,42.2,68.7,126497,74.1,51.4
2026-02-06,AIF027,56.5,39.9,177003,64.7,40.1
2026-02-06,AIF028,85.5,70.9,88880,87.2,77.0
2026-02-06,AIF029,76.2,54.8,92824,89.2,77.3
2026-02-06,AIF030,68.7,56.6,46306,90.4,68.8
2026-02-06,AIF031,52.6,32.2,38762,93.0,13.4
2026-02-06,AIF032,56.9,55.3,156522,92.0,36.1
2026-02-06,AIF033,46.8,78.5,165404,74.5,76.9
2026-02-06,AIF034,79.5,57.3,4430,79.9,23.8
2026-02-06,AIF035,60.4,67.1,89212,70.7,23.2
2026-02-06,AIF036,77.2,40.5,91718,74.7,30.2
2026-02-07,AIF001,58.5,28.0,171673,86.6,10.4
2026-02-07,AIF002,42.7,68.1,71871,66.1,75.3
2026-02-07,AIF003,86.7,32.6,23364,97.0,31.1
2026-02-07,AIF004,88.7,67.9,129885,82.6,92.4
2026-02-07,AIF005,51.6,32.9,61129,68.8,30.9
2026-02-07,AIF006,85.9,19.8,169943,79.9,54.4
2026-02-07,AIF007,70.0,33.9,89484,62.3,12.5
2026-02-07,AIF008,50.6,28.9,63394,72.5,87.1
2026-02-07,AIF009,75.1,48.7,87873,64.5,66.0
2026-02-07,AIF010,76.5,71.0,159155,86.2,39.8
2026-02-07,AIF011,69.3,82.1,126499,76.0,39.3
2026-02-07,AIF012,52.6,51.9,60841,80.9,50.6
2026-02-07,AIF013,93.5,36.1,172997,82.2,11.3
2026-02-07,AIF014,54.3,76.8,104317,96.5,33.8
2026-02-07,AIF015,44.8,60.5,150907,95.2,52.3
2026-02-07,AIF016,73.6,41.0,129669,69.9,58.5
2026-02-07,AIF017,84.7,75.3,56487,90.5,37.0
2026-02-07,AIF018,71.8,23.7,134781,87.2,28.6
2026-02-07,AIF019,49.6,42.0,114467,97.5,68.1
2026-02-07,AIF020,85.1,35.5,137150,73.8,14.9
2026-02-07,AIF021,60.2,62.7,81204,64.0,42.1
2026-02-07,AIF022,67.2,69.8,97326,95.3,47.0
2026-02-07,AIF023,70.8,53.9,163704,71.3,36.0
2026-02-07,AIF024,78.9,37.7,152160,96.4,36.3
2026-02-07,AIF025,50.4,44.2,115696,81.1,62.0
2026-02-07,AIF026,68.4,36.3,161010,94.5,27.1
2026-02-07,AIF027,84.9,54.8,30126,74.8,45.2
2026-02-07,AIF028,63.9,18.3,183131,69.0,61.0
2026-02-07,AIF029,56.8,76.2,30819,80.4,20.6
2026-02-07,AIF030,66.5,56.6,98291,76.4,39.6
2026-02-07,AIF031,49.2,46.4,72987,63.0,56.8
2026-02-07,AIF032,94.9,37.2,82218,78.8,87.9
2026-02-07,AIF033,42.7,40.7,61317,73.8,73.7
2026-02-07,AIF034,58.4,18.9,142131,70.6,60.5
2026-02-07,AIF035,80.7,60.3,130272,84.2,73.9
2026-02-07,AIF036,67.7,32.5,65072,85.9,62.7
2026-02-08,AIF001,48.2,53.4,162127,69.1,61.4
2026-02-08,AIF002,82.7,69.6,135803,66.6,91.3
2026-02-08,AIF003,59.6,43.7,73766,85.5,54.5
2026-02-08,AIF004,51.8,38.8,143053,96.6,84.9
2026-02-08,AIF005,76.0,78.0,79777,76.1,50.0
2026-02-08,AIF006,89.4,43.9,149903,69.4,61.5
2026-02-08,AIF007,77.5,74.8,147469,91.8,93.4
2026-02-08,AIF008,71.1,28.2,108074,66.4,82.0
2026-02-08,AIF009,88.6,78.2,73026,96.5,93.3
2026-02-08,AIF010,69.6,59.0,107685,85.8,92.9
2026-02-08,AIF011,84.5,42.2,130410,93.1,48.1
2026-02-08,AIF012,76.0,33.2,107309,76.5,10.7
2026-02-08,AIF013,76.7,78.2,64330,82.9,32.0
2026-02-08,AIF014,85.5,35.5,36037,70.1,87.2
2026-02-08,AIF015,69.1,44.9,74739,89.4,38.9
2026-02-08,AIF016,69.2,42.6,58758,74.2,34.3
2026-02-08,AIF017,56.4,45.3,179070,80.9,85.2
2026-02-08,AIF018,83.2,21.7,40400,88.1,31.0
2026-02-08,AIF019,65.7,83.1,102949,88.8,8.3
2026-02-08,AIF020,75.9,33.7,51696,72.0,57.5
2026-02-08,AIF021,96.6,55.4,179330,78.4,84.6
2026-02-08,AIF022,71.9,41.2,63745,81.2,26.3
2026-02-08,AIF023,40.4,69.4,91488,85.3,71.5
2026-02-08,AIF024,63.9,59.4,74614,80.4,89.4
2026-02-08,AIF025,90.8,26.0,107967,90.6,41.2
2026-02-08,AIF026,66.1,52.5,85125,62.5,19.3
2026-02-08,AIF027,63.8,80.0,113836,87.9,57.9
2026-02-08,AIF028,43.4,61.6,23859,91.4,84.9
2026-02-08,AIF029,89.2,39.2,107750,95.3,24.7
2026-02-08,AIF030,60.6,28.8,176718,71.3,84.5
2026-02-08,AIF031,49.4,63.3,180293,97.3,18.3
2026-02-08,AIF032,83.0,21.8,76001,75.4,89.6
2026-02-08,AIF033,77.1,45.5,174122,72.0,22.0
2026-02-08,AIF034,91.3,51.8,67257,71.1,77.8
2026-02-08,AIF035,65.2,79.1,55956,84.9,54.3
2026-02-08,AIF036,45.3,21.2,87112,67.3,71.6
2026-02-09,AIF001,44.8,67.9,96352,72.8,37.1
2026-02-09,AIF002,53.1,66.8,103976,96.4,72.0
2026-02-09,AIF003,71.8,53.8,167333,73.5,85.5
2026-02-09,AIF004,58.6,63.4,25603,62.4,47.2
2026-02-09,AIF005,61.7,61.8,70835,78.4,21.5
2026-02-09,AIF006,96.2,81.8,54980,77.0,89.6
2026-02-09,AIF007,62.9,29.0,73877,95.6,15.2
2026-02-09,AIF008,76.3,55.9,10207,78.1,14.8
2026-02-09,AIF009,86.9,54.2,134509,68.5,27.1
2026-02-09,AIF010,47.8,30.7,117348,68.7,72.2
2026-02-09,AIF011,62.5,50.4,3273,74.9,8.8
2026-02-09,AIF012,81.4,34.0,36127,81.1,89.2
2026-02-09,AIF013,58.1,80.9,92944,76.4,42.3
2026-02-09,AIF014,76.8,49.8,114881,79.5,20.5
2026-02-09,AIF015,70.3,49.6,3167,90.8,12.9
2026-02-09,AIF016,57.7,68.3,67768,81.7,48.7
2026-02-09,AIF017,73.4,50.8,14673,84.7,31.4
2026-02-09,AIF018,50.0,23.1,60016,91.6,83.6
2026-02-09,AIF019,63.9,19.5,101393,90.3,77.9
2026-02-09,AIF020,59.0,36.1,123056,76.7,20.1
2026-02-09,AIF021,41.8,78.0,126720,68.7,25.8
2026-02-09,AIF022,56.4,39.7,170609,76.2,58.2
2026-02-09,AIF023,66.7,77.9,149344,81.2,52.1
2026-02-09,AIF024,96.3,52.3,20163,86.0,10.2
2026-02-09,AIF025,70.2,58.3,91296,62.3,54.8
2026-02-09,AIF026,86.0,54.9,126903,67.4,11.6
2026-02-09,AIF027,74.2,26.6,84177,75.3,82.6
2026-02-09,AIF028,90.2,57.5,152049,94.8,50.8
2026-02-09,AIF029,76.9,54.6,71015,89.9,67.5
2026-02-09,AIF030,59.6,36.6,147794,73.1,69.3
2026-02-09,AIF031,46.9,79.0,108889,92.3,17.7
2026-02-09,AIF032,91.0,49.8,120031,90.7,84.8
2026-02-09,AIF033,45.3,35.0,173403,81.5,19.0
2026-02-09,AIF034,49.2,44.3,99311,92.1,8.7
2026-02-09,AIF035,77.8,21.0,151943,67.8,47.8
2026-02-09,AIF036,74.3,21.5,164196,62.4,28.5
2026-02-10,AIF001,61.1,34.4,40855,75.0,57.3
2026-02-10,AIF002,87.7,35.2,38811,70.3,92.9
2026-02-10,AIF003,58.8,30.1,29100,68.4,36.5
2026-02-10,AIF004,56.3,62.3,115061,95.7,38.9
2026-02-10,AIF005,93.2,42.9,31607,65.2,82.7
2026-02-10,AIF006,63.8,67.9,148214,85.9,47.4
2026-02-10,AIF007,63.7,52.6,127122,83.5,92.2
2026-02-10,AIF008,92.3,54.6,163114,79.6,90.2
2026-02-10,AIF009,59.5,62.7,170285,81.8,33.8
2026-02-10,AIF010,42.6,69.9,70588,94.9,65.9
2026-02-10,AIF011,61.0,74.1,93203,74.7,48.4
2026-02-10,AIF012,77.6,48.8,94216,66.3,48.0
2026-02-10,AIF013,50.5,68.2,53986,94.7,42.6
2026-02-10,AIF014,52.8,70.7,91790,63.6,13.3
2026-02-10,AIF015,90.4,64.4,21398,88.1,13.8
2026-02-10,AIF016,80.1,50.0,96707,76.1,75.5
2026-02-10,AIF017,85.1,78.2,14467,90.1,50.7
2026-02-10,AIF018,51.9,34.3,59478,98.5,70.3
2026-02-10,AIF019,53.3,49.7,62708,94.6,50.2
2026-02-10,AIF020,72.0,76.5,63010,76.0,26.0
2026-02-10,AIF021,40.3,43.2,35595,80.6,50.6
2026-02-10,AIF022,51.3,26.3,38416,84.1,62.0
2026-02-10,AIF023,55.8,52.0,110485,82.8,62.3
2026-02-10,AIF024,45.9,42.5,33556,89.2,18.5
2026-02-10,AIF025,68.9,52.8,115822,80.4,69.2
2026-02-10,AIF026,57.5,82.7,151568,88.1,68.8
2026-02-10,AIF027,83.0,49.2,159417,89.1,64.7
2026-02-10,AIF028,93.2,30.4,79834,72.2,34.4
2026-02-10,AIF029,67.4,71.0,132046,83.6,69.3
2026-02-10,AIF030,67.7,18.4,33507,62.7,35.8
2026-02-10,AIF031,82.9,62.0,150161,80.5,62.0
2026-02-10,AIF032,92.8,76.9,167583,90.8,87.7
2026-02-10,AIF033,75.6,69.4,55028,97.3,49.3
2026-02-10,AIF034,91.0,28.9,17245,82.9,76.4
2026-02-10,AIF035,69.9,22.8,172682,93.8,93.6
2026-02-10,AIF036,41.4,68.8,37337,79.4,52.3
2026-02-11,AIF001,84.8,60.0,129919,63.7,40.5
2026-02-11,AIF002,61.2,45.9,175800,76.8,88.9
2026-02-11,AIF003,96.5,29.9,115155,85.2,66.4
2026-02-11,AIF004,73.1,30.6,101342,67.1,56.6
2026-02-11,AIF005,80.7,74.7,131663,73.4,68.8
2026-02-11,AIF006,40.4,52.7,164008,83.8,79.6
2026-02-11,AIF007,76.0,80.6,89513,98.3,55.1
2026-02-11,AIF008,89.9,44.3,4845,62.3,52.0
2026-02-11,AIF009,80.5,22.4,148440,94.7,82.2
2026-02-11,AIF010,95.4,80.0,103897,90.6,28.7
2026-02-11,AIF011,73.8,50.8,79274,73.3,50.5
2026-02-11,AIF012,73.8,51.5,155978,90.6,28.0
2026-02-11,AIF013,51.2,30.5,79305,82.5,38.2
2026-02-11,AIF014,46.5,74.2,54735,90.2,46.0
2026-02-11,AIF015,52.0,39.4,49136,74.1,48.0
2026-02-11,AIF016,60.6,66.6,32645,77.6,37.8
2026-02-11,AIF017,66.0,47.2,24396,81.3,23.8
2026-02-11,AIF018,95.1,42.6,51456,98.7,38.5
2026-02-11,AIF019,56.2,27.6,152788,87.7,17.2
2026-02-11,AIF020,78.7,25.3,127825,89.5,88.0
2026-02-11,AIF021,43.5,70.8,127868,93.9,44.7
2026-02-11,AIF022,48.9,39.5,176195,92.3,26.7
2026-02-11,AIF023,85.6,62.9,171601,80.2,85.2
2026-02-11,AIF024,85.0,30.6,150906,86.6,46.8
2026-02-11,AIF025,84.0,79.1,128308,88.6,85.7
2026-02-11,AIF026,63.7,36.1,173424,96.1,28.8
2026-02-11,AIF027,93.1,81.6,110665,76.2,87.7
2026-02-11,AIF028,61.1,54.5,71658,91.5,8.6
2026-02-11,AIF029,91.1,68.0,16408,82.4,35.8
2026-02-11,AIF030,75.7,62.0,180214,74.7,90.6
2026-02-11,AIF031,69.7,18.5,77237,74.1,67.8
2026-02-11,AIF032,43.7,22.7,13659,93.2,25.9
2026-02-11,AIF033,62.5,31.6,131050,64.4,38.9
2026-02-11,AIF034,75.7,33.7,158532,96.3,26.6
2026-02-11,AIF035,61.4,77.2,177251,64.6,59.1
2026-02-11,AIF036,52.9,33.6,179394,89.9,30.3
2026-02-12,AIF001,53.7,61.5,169963,83.5,44.7
2026-02-12,AIF002,80.9,23.5,59086,68.1,93.3
2026-02-12,AIF003,43.5,60.0,112165,95.3,87.9
2026-02-12,AIF004,64.4,21.9,19822,90.3,15.8
2026-02-12,AIF005,85.3,35.7,117721,62.2,24.5
2026-02-12,AIF006,44.5,18.2,44030,88.3,54.4
2026-02-12,AIF007,43.9,40.9,36203,73.2,64.8
2026-02-12,AIF008,73.2,37.1,120645,88.5,59.8
2026-02-12,AIF009,53.2,30.4,94045,85.4,13.5
2026-02-12,AIF010,70.8,21.1,141640,65.7,52.4
2026-02-12,AIF011,67.1,58.6,66250,81.8,26.9
2026-02-12,AIF012,81.8,83.7,64076,73.0,38.6
2026-02-12,AIF013,54.0,34.1,18363,78.8,24.6
2026-02-12,AIF014,64.4,43.2,34278,77.6,13.6
2026-02-12,AIF015,70.5,24.1,96073,72.5,14.1
2026-02-12,AIF016,89.7,67.7,43521,65.0,33.3
2026-02-12,AIF017,73.8,66.5,32394,89.2,72.3
2026-02-12,AIF018,63.0,75.2,93152,97.6,13.1
2026-02-12,AIF019,85.0,61.8,146716,94.6,83.8
2026-02-12,AIF020,57.9,81.8,131194,82.1,34.4
2026-02-12,AIF021,51.4,37.7,103532,97.5,47.7
2026-02-12,AIF022,71.6,83.8,55986,65.6,90.1
2026-02-12,AIF023,76.1,68.3,65143,89.6,48.1
2026-02-12,AIF024,69.6,23.7,121276,76.1,70.9
2026-02-12,AIF025,91.1,23.2,25565,79.6,72.5
2026-02-12,AIF026,47.8,23.4,33512,96.2,90.2
2026-02-12,AIF027,64.9,62.5,176994,64.7,83.3
2026-02-12,AIF028,62.2,66.0,169016,93.0,17.6
2026-02-12,AIF029,95.8,57.9,163121,77.6,83.4
2026-02-12,AIF030,79.4,72.5,149300,77.7,46.8
2026-02-12,AIF031,76.8,76.0,148300,94.6,32.8
2026-02-12,AIF032,61.8,82.6,110415,95.6,76.5
2026-02-12,AIF033,50.1,26.7,34378,89.6,91.5
2026-02-12,AIF034,68.8,62.2,109632,68.0,86.4
2026-02-12,AIF035,67.6,70.4,135239,97.3,57.8
2026-02-12,AIF036,42.7,44.6,156074,81.5,24.6
2026-02-13,AIF001,83.8,41.7,116426,77.0,83.6
2026-02-13,AIF002,73.8,55.5,45943,91.3,69.8
2026-02-13,AIF003,48.9,48.5,102780,74.3,69.3
2026-02-13,AIF004,83.4,49.8,19444,69.1,75.0
2026-02-13,AIF005,87.4,67.2,29013,64.9,19.6
2026-02-13,AIF006,77.9,22.2,170919,93.4,61.1
2026-02-13,AIF007,78.9,21.4,17285,74.1,39.2
2026-02-13,AIF008,84.9,53.9,180672,84.1,22.7
2026-02-13,AIF009,93.9,75.8,38270,97.8,56.7
2026-02-13,AIF010,85.1,71.9,132804,87.0,72.0
2026-02-13,AIF011,83.8,31.0,183139,71.2,40.4
2026-02-13,AIF012,95.2,46.9,56270,71.1,81.4
2026-02-13,AIF013,87.6,56.0,43752,81.0,32.7
2026-02-13,AIF014,79.6,82.5,97381,77.0,45.7
2026-02-13,AIF015,59.2,55.0,123249,73.6,93.1
2026-02-13,AIF016,75.4,47.7,165009,65.3,40.3
2026-02-13,AIF017,79.7,66.5,150770,65.4,17.0
2026-02-13,AIF018,91.2,20.6,136979,74.2,33.3
2026-02-13,AIF019,75.3,28.3,128296,77.3,88.1
2026-02-13,AIF020,67.1,34.1,37455,86.7,18.0
2026-02-13,AIF021,56.2,19.6,14178,64.3,60.5
2026-02-13,AIF022,49.9,21.7,47595,66.8,20.7
2026-02-13,AIF023,95.0,36.1,118992,89.5,77.7
2026-02-13,AIF024,82.0,73.7,150359,74.4,87.0
2026-02-13,AIF025,94.5,83.7,47962,86.6,46.5
2026-02-13,AIF026,95.5,43.5,112255,90.8,89.6
2026-02-13,AIF027,80.3,24.5,37809,77.6,42.9
2026-02-13,AIF028,73.7,78.1,91315,80.8,24.9
2026-02-13,AIF029,53.7,32.6,129619,88.2,55.6
2026-02-13,AIF030,87.9,39.5,76919,64.9,71.9
2026-02-13,AIF031,85.4,38.6,170031,85.1,75.9
2026-02-13,AIF032,81.7,73.3,44095,62.5,36.1
2026-02-13,AIF033,77.9,49.1,84465,62.3,39.4
2026-02-13,AIF034,94.5,37.4,63053,67.2,23.7
2026-02-13,AIF035,41.8,38.9,23012,95.7,40.4
2026-02-13,AIF036,82.2,46.9,90074,62.0,43.5
2026-02-14,AIF001,90.2,24.0,52044,98.5,31.0
2026-02-14,AIF002,57.4,48.3,41961,73.2,34.5
2026-02-14,AIF003,43.8,73.5,117486,86.5,36.6
2026-02-14,AIF004,62.8,32.1,110965,62.1,71.6
2026-02-14,AIF005,58.7,22.5,165006,98.5,76.4
2026-02-14,AIF006,49.1,78.5,37817,71.3,52.5
2026-02-14,AIF007,71.9,21.9,98595,95.1,90.1
2026-02-14,AIF008,55.5,51.5,9464,64.3,51.9
2026-02-14,AIF009,95.7,48.7,115806,66.0,38.9
2026-02-14,AIF010,86.8,74.9,157685,75.8,89.8
2026-02-14,AIF011,47.3,52.5,176899,93.5,87.8
2026-02-14,AIF012,45.2,19.4,10224,64.2,65.9
2026-02-14,AIF013,91.1,30.3,148390,87.1,51.1
2026-02-14,AIF014,87.4,41.2,142251,84.2,71.3
2026-02-14,AIF015,95.9,51.0,131437,65.9,58.6
2026-02-14,AIF016,88.6,49.9,116576,85.2,89.4
2026-02-14,AIF017,78.5,35.8,111439,86.6,90.5
2026-02-14,AIF018,47.0,55.1,8782,70.8,76.2
2026-02-14,AIF019,61.4,52.9,45486,66.3,59.6
2026-02-14,AIF020,75.3,49.9,42601,73.2,36.8
2026-02-14,AIF021,94.4,29.7,33918,84.3,11.5
2026-02-14,AIF022,83.8,64.1,106011,83.8,21.5
2026-02-14,AIF023,56.8,37.1,29893,78.3,65.4
2026-02-14,AIF024,63.4,65.9,69965,91.4,72.2
2026-02-14,AIF025,73.8,68.3,50305,94.9,15.7
2026-02-14,AIF026,59.0,78.4,45681,75.4,10.3
2026-02-14,AIF027,95.8,24.9,81844,63.7,23.7
2026-02-14,AIF028,82.4,32.8,27137,81.2,52.2
2026-02-14,AIF029,52.6,76.0,113460,80.5,11.9
2026-02-14,AIF030,96.8,78.6,51640,65.6,91.7
2026-02-14,AIF031,51.4,60.9,173520,78.9,90.1
2026-02-14,AIF032,76.7,32.4,46397,90.8,87.0
2026-02-14,AIF033,52.7,73.8,162087,79.4,39.4
2026-02-14,AIF034,92.2,25.9,69214,69.9,11.3
2026-02-14,AIF035,64.9,64.9,161313,86.0,41.9
2026-02-14,AIF036,52.2,70.4,21450,71.6,10.4
2026-02-15,AIF001,61.0,30.8,173172,88.0,79.1
2026-02-15,AIF002,69.8,51.0,84161,74.7,64.0
2026-02-15,AIF003,57.4,21.2,68064,96.0,78.3
2026-02-15,AIF004,45.4,51.6,47054,87.1,45.4
2026-02-15,AIF005,77.7,46.6,125133,97.2,92.7
2026-02-15,AIF006,80.5,54.4,16729,63.5,58.2
2026-02-15,AIF007,93.2,65.5,54180,69.1,70.9
2026-02-15,AIF008,61.2,52.2,137473,91.0,70.7
2026-02-15,AIF009,47.9,67.4,126469,63.4,31.5
2026-02-15,AIF010,47.5,81.2,166914,65.5,41.7
2026-02-15,AIF011,47.7,45.6,172095,77.7,31.8
2026-02-15,AIF012,84.8,81.5,131182,64.1,74.0
2026-02-15,AIF013,76.3,76.0,94454,86.3,12.5
2026-02-15,AIF014,40.8,77.5,118454,98.0,11.3
2026-02-15,AIF015,69.6,62.2,44339,66.3,23.1
2026-02-15,AIF016,57.7,61.4,2219,90.8,15.1
2026-02-15,AIF017,85.6,57.2,63046,73.4,14.8
2026-02-15,AIF018,54.9,26.0,100445,67.9,64.9
2026-02-15,AIF019,95.4,81.0,116882,65.2,82.9
2026-02-15,AIF020,63.6,39.1,111599,74.3,93.8
2026-02-15,AIF021,88.6,49.6,46571,70.3,25.4
2026-02-15,AIF022,81.8,27.0,57714,77.3,67.9
2026-02-15,AIF023,45.0,24.2,139599,98.6,68.9
2026-02-15,AIF024,74.9,75.7,62017,95.8,33.3
2026-02-15,AIF025,90.1,83.9,80346,74.6,31.3
2026-02-15,AIF026,93.5,34.7,154047,69.3,74.8
2026-02-15,AIF027,68.2,48.9,97936,72.0,36.2
2026-02-15,AIF028,46.4,56.4,177638,98.5,49.1
2026-02-15,AIF029,77.1,19.2,6004,86.5,54.2
2026-02-15,AIF030,74.1,35.3,66191,91.1,21.0
2026-02-15,AIF031,50.3,77.7,72037,81.3,63.2
2026-02-15,AIF032,76.3,19.4,150185,69.5,9.1
2026-02-15,AIF033,53.9,35.6,80679,83.4,13.2
2026-02-15,AIF034,83.3,81.7,151545,93.7,55.5
2026-02-15,AIF035,53.1,37.8,125384,77.2,12.3
2026-02-15,AIF036,83.9,30.7,63955,83.5,13.4
2026-02-16,AIF001,96.0,44.2,54223,98.5,84.0
2026-02-16,AIF002,64.9,77.7,107041,82.0,69.5
2026-02-16,AIF003,74.1,39.9,88416,87.1,73.9
2026-02-16,AIF004,61.2,33.3,81354,68.6,58.8
2026-02-16,AIF005,66.6,61.3,83599,71.5,93.7
2026-02-16,AIF006,94.8,81.5,125741,69.6,9.5
2026-02-16,AIF007,87.1,70.7,64406,94.4,43.9
2026-02-16,AIF008,92.6,54.0,62779,83.6,85.0
2026-02-16,AIF009,79.2,38.5,121041,77.7,38.2
2026-02-16,AIF010,69.4,64.3,77056,81.1,87.2
2026-02-16,AIF011,87.0,47.5,149031,91.9,33.4
2026-02-16,AIF012,88.5,39.9,74050,94.6,85.3
2026-02-16,AIF013,69.7,39.7,137515,66.7,45.8
2026-02-16,AIF014,70.3,57.0,159897,80.0,24.4
2026-02-16,AIF015,47.3,41.8,99318,94.9,84.9
2026-02-16,AIF016,50.9,70.6,32412,62.7,74.2
2026-02-16,AIF017,45.2,83.3,108061,68.2,26.3
2026-02-16,AIF018,93.2,51.8,111879,84.1,14.5
2026-02-16,AIF019,54.7,32.7,99825,93.8,63.2
2026-02-16,AIF020,47.6,54.7,85515,86.0,70.0
2026-02-16,AIF021,84.6,43.2,13770,89.6,37.4
2026-02-16,AIF022,62.4,30.6,149078,68.8,86.8
2026-02-16,AIF023,44.1,20.8,155705,82.3,90.1
2026-02-16,AIF024,57.2,83.5,65982,95.8,11.3
2026-02-16,AIF025,92.0,18.8,160968,87.9,16.3
2026-02-16,AIF026,45.1,46.3,78269,87.1,83.7
2026-02-16,AIF027,55.2,29.6,84943,86.8,93.8
2026-02-16,AIF028,88.0,57.0,73988,89.2,67.6
2026-02-16,AIF029,59.3,79.9,148755,74.4,38.0
2026-02-16,AIF030,76.9,36.8,30940,76.6,74.1
2026-02-16,AIF031,62.3,65.1,112600,93.5,78.6
2026-02-16,AIF032,76.8,51.5,72445,83.2,16.1
2026-02-16,AIF033,67.9,29.3,174677,87.0,49.4
2026-02-16,AIF034,52.1,58.2,85413,97.2,17.7
2026-02-16,AIF035,42.7,55.0,100543,72.8,70.0
2026-02-16,AIF036,55.5,77.8,89228,89.2,78.5
2026-02-17,AIF001,75.6,36.8,170083,69.0,25.1
2026-02-17,AIF002,90.3,54.1,119568,81.4,8.6
2026-02-17,AIF003,47.5,70.4,71922,93.2,8.7
2026-02-17,AIF004,64.3,70.5,101834,86.3,43.3
2026-02-17,AIF005,57.3,44.9,180130,75.6,52.5
2026-02-17,AIF006,93.3,78.8,183293,80.6,39.8
2026-02-17,AIF007,56.9,26.3,155450,76.4,54.7
2026-02-17,AIF008,42.8,46.0,8095,92.0,54.4
2026-02-17,AIF009,60.2,24.8,136407,86.6,46.7
2026-02-17,AIF010,71.0,58.8,76768,72.4,60.5
2026-02-17,AIF011,96.1,53.8,135556,90.7,67.5
2026-02-17,AIF012,59.9,48.3,132364,64.7,20.6
2026-02-17,AIF013,87.5,70.6,147134,87.5,20.8
2026-02-17,AIF014,94.9,44.0,164097,70.0,83.3
2026-02-17,AIF015,80.1,47.5,122666,88.4,58.9
2026-02-17,AIF016,60.9,50.3,14371,90.0,39.4
2026-02-17,AIF017,84.2,66.1,94093,88.1,52.2
2026-02-17,AIF018,60.6,64.6,184801,62.1,38.9
2026-02-17,AIF019,64.2,78.0,56485,75.7,83.1
2026-02-17,AIF020,90.3,58.8,52180,87.0,34.8
2026-02-17,AIF021,80.4,58.7,119266,89.7,55.8
2026-02-17,AIF022,83.9,50.3,16283,99.0,38.0
2026-02-17,AIF023,53.7,70.9,14527,84.9,26.2
2026-02-17,AIF024,83.9,27.6,174041,93.4,14.8
2026-02-17,AIF025,53.5,51.0,149137,97.7,93.8
2026-02-17,AIF026,88.1,18.8,157378,71.8,92.9
2026-02-17,AIF027,78.3,81.0,46375,66.0,40.0
2026-02-17,AIF028,44.8,58.3,18964,91.4,50.6
2026-02-17,AIF029,50.4,48.2,131212,98.7,86.0
2026-02-17,AIF030,61.9,30.0,115298,73.6,88.4
2026-02-17,AIF031,56.0,58.8,131913,86.2,61.0
2026-02-17,AIF032,69.2,66.5,22018,81.1,50.4
2026-02-17,AIF033,43.5,28.0,138337,78.9,39.1
2026-02-17,AIF034,87.9,82.1,68894,93.3,42.1
2026-02-17,AIF035,65.8,72.4,174808,84.5,61.9
2026-02-17,AIF036,95.7,82.9,98178,82.8,21.4
2026-02-18,AIF001,92.0,45.0,91762,95.6,44.0
2026-02-18,AIF002,52.8,73.7,51735,62.7,25.6
2026-02-18,AIF003,69.7,50.2,171501,69.8,36.9
2026-02-18,AIF004,67.1,71.4,175518,93.1,74.3
2026-02-18,AIF005,81.8,36.6,182116,91.3,85.0
2026-02-18,AIF006,49.0,37.6,104321,97.2,87.9
2026-02-18,AIF007,73.4,37.5,8962,64.3,33.5
2026-02-18,AIF008,68.9,71.6,95975,63.7,48.9
2026-02-18,AIF009,43.3,37.9,182061,72.0,71.6
2026-02-18,AIF010,96.8,81.5,127352,81.8,25.3
2026-02-18,AIF011,80.7,66.8,39079,70.9,50.1
2026-02-18,AIF012,76.3,40.9,111690,93.3,34.8
2026-02-18,AIF013,63.4,75.7,103786,97.8,93.6
2026-02-18,AIF014,53.5,73.7,45745,91.5,69.0
2026-02-18,AIF015,60.9,75.4,142545,88.5,68.0
2026-02-18,AIF016,42.5,39.8,136344,70.1,74.8
2026-02-18,AIF017,79.4,19.0,120297,98.2,62.6
2026-02-18,AIF018,77.6,60.6,22935,73.6,57.0
2026-02-18,AIF019,52.7,55.5,170499,63.0,82.1
2026-02-18,AIF020,47.0,36.8,170290,84.3,25.0
2026-02-18,AIF021,81.5,76.7,96875,88.6,73.8
2026-02-18,AIF022,91.6,36.4,144354,79.8,11.3
2026-02-18,AIF023,84.6,48.0,117982,78.3,10.4
2026-02-18,AIF024,66.4,74.9,150514,88.3,51.0
2026-02-18,AIF025,69.3,73.8,40852,78.0,93.1
2026-02-18,AIF026,65.7,81.7,134011,84.7,71.0
2026-02-18,AIF027,61.6,66.5,77886,62.9,76.8
2026-02-18,AIF028,85.8,42.4,87008,68.4,25.8
2026-02-18,AIF029,92.8,78.2,75691,78.2,87.1
2026-02-18,AIF030,50.0,55.9,80280,68.3,82.2
2026-02-18,AIF031,69.7,56.1,69839,74.7,44.6
2026-02-18,AIF032,83.8,23.3,110604,77.0,72.0
2026-02-18,AIF033,90.8,80.1,56695,79.5,18.6
2026-02-18,AIF034,95.5,23.5,78412,84.3,19.5
2026-02-18,AIF035,77.5,72.7,67498,89.9,86.6
2026-02-18,AIF036,66.6,38.5,103045,74.1,40.7
2026-02-19,AIF001,57.2,75.3,90749,86.0,8.7
2026-02-19,AIF002,46.9,37.7,40685,84.5,33.6
2026-02-19,AIF003,86.0,30.2,43915,78.6,78.7
2026-02-19,AIF004,57.1,55.5,91530,92.4,40.1
2026-02-19,AIF005,51.1,70.1,153825,95.8,43.9
2026-02-19,AIF006,59.8,32.7,54892,90.5,55.2
2026-02-19,AIF007,77.6,23.8,83631,90.7,59.4
2026-02-19,AIF008,70.6,34.7,70939,65.6,21.9
2026-02-19,AIF009,93.6,70.4,160235,63.9,89.5
2026-02-19,AIF010,85.9,66.4,68903,96.1,26.4
2026-02-19,AIF011,42.4,83.6,106369,78.6,61.6
2026-02-19,AIF012,67.8,64.2,161147,73.7,66.2
2026-02-19,AIF013,66.7,69.4,51373,83.7,29.8
2026-02-19,AIF014,63.9,46.0,106386,85.6,46.8
2026-02-19,AIF015,92.3,69.5,75379,88.1,38.5
2026-02-19,AIF016,61.2,55.1,37442,67.4,15.8
2026-02-19,AIF017,85.6,62.8,67132,66.6,82.4
2026-02-19,AIF018,55.6,70.4,66227,89.8,84.5
2026-02-19,AIF019,54.9,45.0,143705,80.6,24.2
2026-02-19,AIF020,50.1,72.2,98660,66.2,59.9
2026-02-19,AIF021,62.5,72.2,126539,99.0,30.8
2026-02-19,AIF022,42.4,26.7,35930,91.4,46.2
2026-02-19,AIF023,68.6,28.4,54238,73.4,89.6
2026-02-19,AIF024,46.8,78.2,105047,96.5,13.8
2026-02-19,AIF025,44.4,42.1,37984,72.7,30.5
2026-02-19,AIF026,75.0,68.8,79948,87.9,70.1
2026-02-19,AIF027,62.4,84.0,86404,66.0,19.9
2026-02-19,AIF028,69.2,68.2,40469,66.7,55.4
2026-02-19,AIF029,72.7,19.5,106794,81.1,85.9
2026-02-19,AIF030,63.5,56.5,158419,71.4,73.2
2026-02-19,AIF031,65.5,81.5,25769,85.8,38.0
2026-02-19,AIF032,47.2,64.7,121764,87.9,22.3
2026-02-19,AIF033,91.2,51.6,104924,85.7,49.2
2026-02-19,AIF034,44.2,75.3,144847,64.5,8.4
2026-02-19,AIF035,60.2,53.6,6608,63.4,47.3
2026-02-19,AIF036,61.7,60.3,38274,84.3,69.8
2026-02-20,AIF001,47.3,46.9,109323,66.8,35.4
2026-02-20,AIF002,66.6,19.0,140226,65.4,76.9
2026-02-20,AIF003,96.3,50.7,161704,72.7,51.5
2026-02-20,AIF004,92.5,70.2,115146,72.3,10.8
2026-02-20,AIF005,58.3,58.1,166137,70.9,49.6
2026-02-20,AIF006,53.7,56.2,44529,96.3,73.5
2026-02-20,AIF007,92.8,58.5,89851,74.1,44.1
2026-02-20,AIF008,64.6,18.2,178227,83.1,9.8
2026-02-20,AIF009,74.2,75.7,180517,90.7,54.1
2026-02-20,AIF010,59.9,62.9,140263,78.3,75.5
2026-02-20,AIF011,74.3,35.1,113301,84.0,87.6
2026-02-20,AIF012,83.0,49.7,4966,87.7,78.4
2026-02-20,AIF013,77.2,23.7,11984,97.6,90.7
2026-02-20,AIF014,56.3,73.8,91816,80.4,64.2
2026-02-20,AIF015,67.1,69.7,114443,74.3,36.6
2026-02-20,AIF016,76.3,34.7,161929,66.7,57.1
2026-02-20,AIF017,50.4,67.9,167524,70.1,91.5
2026-02-20,AIF018,93.2,63.0,38897,89.9,42.5
2026-02-20,AIF019,90.5,27.8,30755,63.8,13.6
2026-02-20,AIF020,79.9,78.7,60145,83.8,68.2
2026-02-20,AIF021,44.0,47.6,49572,96.0,70.6
2026-02-20,AIF022,55.9,21.6,180186,93.1,88.3
2026-02-20,AIF023,66.1,38.5,87305,93.6,14.5
2026-02-20,AIF024,64.7,44.6,181288,80.2,69.9
2026-02-20,AIF025,54.2,22.1,105042,80.5,28.6
2026-02-20,AIF026,63.6,58.3,52312,77.2,56.9
2026-02-20,AIF027,52.0,32.1,174255,86.1,54.3
2026-02-20,AIF028,58.5,66.3,84726,79.3,89.4
2026-02-20,AIF029,72.6,50.3,160974,78.1,46.6
2026-02-20,AIF030,71.1,73.1,37460,93.4,49.3
2026-02-20,AIF031,83.0,48.2,21045,73.6,48.2
2026-02-20,AIF032,63.9,27.5,156016,96.2,64.6
2026-02-20,AIF033,51.0,39.1,18161,97.3,32.3
2026-02-20,AIF034,94.3,18.0,167526,85.0,28.3
2026-02-20,AIF035,52.7,82.7,32691,76.6,19.4
2026-02-20,AIF036,92.2,83.3,80902,89.0,55.8
2026-02-21,AIF001,52.0,55.8,175901,83.5,65.8
2026-02-21,AIF002,46.0,61.8,132141,83.2,83.6
2026-02-21,AIF003,86.7,39.8,134698,98.9,45.7
2026-02-21,AIF004,74.8,32.7,81782,77.3,58.2
2026-02-21,AIF005,74.0,61.1,57265,90.4,77.7
2026-02-21,AIF006,62.4,57.5,46852,86.0,30.4
2026-02-21,AIF007,47.8,40.3,64413,91.1,62.6
2026-02-21,AIF008,55.4,50.9,7494,82.3,46.9
2026-02-21,AIF009,78.7,81.7,126818,72.7,22.8
2026-02-21,AIF010,49.4,37.6,118006,93.1,57.7
2026-02-21,AIF011,75.5,38.0,12508,75.5,9.4
2026-02-21,AIF012,55.2,26.3,23412,69.2,45.0
2026-02-21,AIF013,79.5,78.4,48971,66.7,12.1
2026-02-21,AIF014,42.3,47.4,134614,74.6,35.9
2026-02-21,AIF015,88.1,82.8,14438,77.9,49.5
2026-02-21,AIF016,42.8,44.4,99474,81.7,29.1
2026-02-21,AIF017,49.5,33.8,103319,62.6,60.7
2026-02-21,AIF018,78.7,84.0,129742,69.4,16.1
2026-02-21,AIF019,64.4,83.5,18354,77.7,18.8
2026-02-21,AIF020,55.7,23.8,119545,65.4,21.6
2026-02-21,AIF021,48.7,74.8,111929,95.5,77.2
2026-02-21,AIF022,67.9,68.5,118910,98.2,89.3
2026-02-21,AIF023,88.0,46.2,36909,87.1,26.1
2026-02-21,AIF024,79.6,22.4,99744,70.1,55.4
2026-02-21,AIF025,72.5,66.6,72144,97.8,52.1
2026-02-21,AIF026,94.5,57.7,166437,68.4,33.4
2026-02-21,AIF027,61.2,70.6,19442,67.7,25.3
2026-02-21,AIF028,45.5,44.3,49128,86.2,60.0
2026-02-21,AIF029,50.4,43.7,139062,96.5,81.2
2026-02-21,AIF030,70.6,62.4,61227,78.0,52.8
2026-02-21,AIF031,95.3,56.3,42799,75.0,70.3
2026-02-21,AIF032,91.7,40.1,151162,75.8,83.8
2026-02-21,AIF033,95.5,23.9,29251,94.8,53.8
2026-02-21,AIF034,60.4,41.1,127718,92.2,71.3
2026-02-21,AIF035,88.4,18.4,182432,98.8,60.1
2026-02-21,AIF036,55.6,20.6,158175,65.6,86.1
2026-02-22,AIF001,92.8,74.8,161467,91.8,60.1
2026-02-22,AIF002,47.6,63.5,163504,85.4,46.9
2026-02-22,AIF003,94.3,75.5,20874,80.7,40.3
2026-02-22,AIF004,79.2,19.9,51221,65.1,15.2
2026-02-22,AIF005,67.4,71.7,117536,77.6,14.0
2026-02-22,AIF006,41.7,57.1,136140,84.2,12.8
2026-02-22,AIF007,81.3,48.6,178021,77.7,83.2
2026-02-22,AIF008,69.0,58.4,33161,65.6,49.0
2026-02-22,AIF009,50.9,48.0,128359,72.4,19.9
2026-02-22,AIF010,63.7,23.0,88647,75.1,36.1
2026-02-22,AIF011,83.8,80.9,49499,72.2,82.0
2026-02-22,AIF012,93.5,71.8,166969,88.5,38.9
2026-02-22,AIF013,58.9,81.3,160605,62.8,22.0
2026-02-22,AIF014,80.7,34.9,46626,83.9,46.1
2026-02-22,AIF015,59.9,70.2,91579,82.5,73.0
2026-02-22,AIF016,56.8,57.6,17080,75.1,54.3
2026-02-22,AIF017,67.4,58.0,19061,70.5,49.5
2026-02-22,AIF018,85.2,82.1,32894,73.4,22.0
2026-02-22,AIF019,86.6,81.6,182495,90.6,87.0
2026-02-22,AIF020,76.3,41.2,162994,85.1,79.3
2026-02-22,AIF021,59.7,71.8,78189,78.2,69.8
2026-02-22,AIF022,75.2,27.9,158156,97.8,21.9
2026-02-22,AIF023,62.3,30.3,108630,92.5,15.0
2026-02-22,AIF024,46.3,79.2,172143,98.2,28.2
2026-02-22,AIF025,59.3,51.1,103858,66.6,31.2
2026-02-22,AIF026,45.5,41.2,69225,82.6,69.1
2026-02-22,AIF027,91.9,40.6,25844,63.8,81.5
2026-02-22,AIF028,71.3,68.6,122443,88.0,65.7
2026-02-22,AIF029,78.4,63.9,84020,89.4,11.5
2026-02-22,AIF030,59.5,23.1,13303,92.5,20.1
2026-02-22,AIF031,66.9,69.1,74383,89.8,44.9
2026-02-22,AIF032,50.6,73.3,169930,88.4,33.6
2026-02-22,AIF033,40.4,59.8,71284,67.0,64.5
2026-02-22,AIF034,85.1,70.4,143431,70.4,79.2
2026-02-22,AIF035,43.9,32.7,20455,66.4,82.5
2026-02-22,AIF036,70.7,46.7,30704,90.1,78.2
2026-02-23,AIF001,89.2,68.8,116551,96.8,66.3
2026-02-23,AIF002,90.3,67.8,48828,73.2,61.1
2026-02-23,AIF003,76.1,52.5,26519,88.6,61.4
2026-02-23,AIF004,86.7,23.5,108991,96.9,31.3
2026-02-23,AIF005,62.6,45.6,136275,89.8,58.7
2026-02-23,AIF006,54.6,21.9,173225,82.4,86.3
2026-02-23,AIF007,47.6,42.3,34163,64.0,24.2
2026-02-23,AIF008,63.2,23.3,3330,87.2,26.3
2026-02-23,AIF009,53.1,81.8,151320,67.7,57.8
2026-02-23,AIF010,78.6,54.5,51713,63.0,81.9
2026-02-23,AIF011,73.7,65.5,52419,93.9,9.0
2026-02-23,AIF012,55.0,46.2,61501,81.3,33.8
2026-02-23,AIF013,61.4,76.1,98756,98.2,38.9
2026-02-23,AIF014,46.7,49.9,67208,69.6,40.8
2026-02-23,AIF015,50.8,63.9,26191,66.7,12.0
2026-02-23,AIF016,58.0,29.7,159015,77.6,63.2
2026-02-23,AIF017,71.6,79.7,112579,73.6,56.8
2026-02-23,AIF018,81.7,20.9,99855,93.8,88.2
2026-02-23,AIF019,87.2,19.1,20450,98.6,60.4
2026-02-23,AIF020,50.1,48.1,180957,77.5,50.3
2026-02-23,AIF021,60.3,44.1,16695,66.1,49.7
2026-02-23,AIF022,76.9,30.2,30080,98.0,29.8
2026-02-23,AIF023,85.8,40.1,36059,63.0,44.7
2026-02-23,AIF024,83.5,62.6,137623,91.5,17.0
2026-02-23,AIF025,44.6,22.8,116957,80.0,18.5
2026-02-23,AIF026,85.5,41.9,140201,97.6,54.7
2026-02-23,AIF027,67.1,19.9,101298,83.6,93.3
2026-02-23,AIF028,75.8,64.8,88533,68.4,79.1
2026-02-23,AIF029,52.0,50.7,111991,63.1,85.4
2026-02-23,AIF030,53.3,23.2,54908,88.3,72.2
2026-02-23,AIF031,44.2,36.2,46540,67.0,64.1
2026-02-23,AIF032,47.0,20.3,95263,65.9,74.4
2026-02-23,AIF033,87.4,58.3,133187,87.9,48.8
2026-02-23,AIF034,75.5,43.2,36339,68.7,88.6
2026-02-23,AIF035,41.6,51.5,64149,93.7,11.9
2026-02-23,AIF036,78.1,25.9,102879,68.0,62.8
2026-02-24,AIF001,67.6,67.0,92422,66.4,46.8
2026-02-24,AIF002,91.3,64.7,68038,85.6,91.2
2026-02-24,AIF003,67.6,54.4,87065,94.1,75.2
2026-02-24,AIF004,83.1,55.2,62015,82.0,50.5
2026-02-24,AIF005,53.2,68.3,157068,76.2,9.2
2026-02-24,AIF006,54.3,63.9,85538,88.9,82.3
2026-02-24,AIF007,88.7,21.9,95723,94.0,52.4
2026-02-24,AIF008,66.9,68.1,99775,87.1,63.7
2026-02-24,AIF009,93.5,61.2,88045,87.4,70.1
2026-02-24,AIF010,91.1,76.4,177058,96.3,64.4
2026-02-24,AIF011,73.5,18.9,27988,64.4,77.2
2026-02-24,AIF012,77.9,23.7,43907,78.2,82.6
2026-02-24,AIF013,43.1,80.3,168895,74.1,9.1
2026-02-24,AIF014,62.2,45.6,173236,68.5,59.5
2026-02-24,AIF015,70.1,47.4,27756,87.7,39.6
2026-02-24,AIF016,41.5,78.2,32030,92.5,58.2
2026-02-24,AIF017,62.1,64.3,87632,98.3,21.0
2026-02-24,AIF018,59.8,28.0,105814,84.8,93.1
2026-02-24,AIF019,67.9,60.2,164887,79.0,65.7
2026-02-24,AIF020,81.7,77.9,136344,73.6,83.4
2026-02-24,AIF021,78.0,20.8,56521,70.6,64.5
2026-02-24,AIF022,88.5,71.0,129778,91.5,10.9
2026-02-24,AIF023,95.5,46.5,87334,88.0,90.2
2026-02-24,AIF024,62.7,47.4,94435,70.2,36.5
2026-02-24,AIF025,89.2,42.1,73572,90.7,48.8
2026-02-24,AIF026,94.9,20.7,14874,92.4,47.3
2026-02-24,AIF027,47.9,46.3,28125,69.7,17.5
2026-02-24,AIF028,68.7,24.4,99379,89.2,15.5
2026-02-24,AIF029,74.0,67.8,53682,92.1,41.5
2026-02-24,AIF030,42.2,61.1,7007,68.2,79.2
2026-02-24,AIF031,63.9,31.6,55673,92.8,9.6
2026-02-24,AIF032,71.2,50.9,167366,81.1,65.4
2026-02-24,AIF033,44.5,34.8,122416,80.1,49.1
2026-02-24,AIF034,87.0,28.7,142640,72.3,75.4
2026-02-24,AIF035,65.6,73.7,180858,79.3,32.4
2026-02-24,AIF036,71.4,23.7,43647,98.6,42.8
2026-02-25,AIF001,63.5,83.3,44766,79.1,57.5
2026-02-25,AIF002,68.9,55.6,91501,66.1,61.1
2026-02-25,AIF003,49.4,41.3,132957,97.8,48.4
2026-02-25,AIF004,81.3,50.4,4632,88.9,55.6
2026-02-25,AIF005,52.6,37.1,104669,94.9,13.4
2026-02-25,AIF006,51.8,23.6,183114,69.0,87.9
2026-02-25,AIF007,52.8,72.4,43890,64.1,28.0
2026-02-25,AIF008,61.6,56.1,28534,83.1,42.6
2026-02-25,AIF009,91.7,39.9,117633,79.7,47.9
2026-02-25,AIF010,72.8,83.6,104864,97.4,33.3
2026-02-25,AIF011,49.2,44.2,28416,76.0,9.0
2026-02-25,AIF012,63.1,46.3,165581,75.7,92.8
2026-02-25,AIF013,42.0,80.2,83039,74.9,61.4
2026-02-25,AIF014,68.0,21.6,49112,75.9,20.7
2026-02-25,AIF015,90.2,41.2,174584,68.1,20.5
2026-02-25,AIF016,91.7,68.1,38209,79.8,25.1
2026-02-25,AIF017,74.5,55.3,166085,93.8,49.1
2026-02-25,AIF018,41.2,22.6,155865,65.9,37.6
2026-02-25,AIF019,63.1,78.2,122860,69.7,56.4
2026-02-25,AIF020,86.0,53.6,27446,77.7,43.6
2026-02-25,AIF021,53.9,54.2,126728,86.9,70.2
2026-02-25,AIF022,47.2,51.4,5727,89.5,16.3
2026-02-25,AIF023,40.6,57.3,23021,66.4,46.2
2026-02-25,AIF024,69.1,73.9,152298,74.4,86.5
2026-02-25,AIF025,72.6,35.2,7588,86.4,77.6
2026-02-25,AIF026,86.1,39.3,146826,95.1,28.8
2026-02-25,AIF027,48.0,29.7,123664,63.1,49.9
2026-02-25,AIF028,94.7,31.6,22753,65.6,69.8
2026-02-25,AIF029,54.9,62.4,91382,79.7,18.7
2026-02-25,AIF030,76.7,43.8,174045,65.2,10.7
2026-02-25,AIF031,81.9,57.6,142201,70.8,65.7
2026-02-25,AIF032,75.8,79.0,178412,73.0,65.1
2026-02-25,AIF033,71.2,46.2,16242,95.0,35.7
2026-02-25,AIF034,91.8,27.1,15861,91.7,87.2
2026-02-25,AIF035,90.1,45.1,158597,79.3,64.1
2026-02-25,AIF036,59.4,32.4,40966,77.0,72.6
2026-02-26,AIF001,52.9,53.6,97484,67.5,14.5
2026-02-26,AIF002,83.4,39.2,137906,67.7,11.2
2026-02-26,AIF003,90.4,54.2,58710,88.5,24.9
2026-02-26,AIF004,92.5,24.6,28922,91.6,21.3
2026-02-26,AIF005,61.6,32.9,72598,62.9,75.0
2026-02-26,AIF006,49.3,22.1,82165,96.7,33.3
2026-02-26,AIF007,53.1,55.1,94909,94.4,32.1
2026-02-26,AIF008,44.1,40.5,39995,82.7,45.6
2026-02-26,AIF009,60.1,53.1,58399,74.4,89.9
2026-02-26,AIF010,69.7,52.9,119320,65.3,37.8
2026-02-26,AIF011,95.5,56.7,47819,84.2,71.4
2026-02-26,AIF012,40.3,82.9,109186,66.1,76.6
2026-02-26,AIF013,84.2,67.0,127933,62.3,40.0
2026-02-26,AIF014,52.2,78.6,28754,93.8,80.7
2026-02-26,AIF015,70.8,61.7,14860,65.4,62.1
2026-02-26,AIF016,78.9,30.7,119542,68.8,46.3
2026-02-26,AIF017,73.2,67.1,90069,63.2,24.6
2026-02-26,AIF018,68.9,59.3,58531,66.6,68.0
2026-02-26,AIF019,41.0,31.6,34648,91.8,66.7
2026-02-26,AIF020,82.2,48.5,68427,87.1,43.8
2026-02-26,AIF021,61.3,72.7,184567,94.7,56.9
2026-02-26,AIF022,68.5,66.0,3455,88.1,31.6
2026-02-26,AIF023,60.3,66.9,15706,70.4,49.1
2026-02-26,AIF024,64.0,46.2,56306,73.9,43.6
2026-02-26,AIF025,72.0,57.8,153561,70.1,55.3
2026-02-26,AIF026,46.9,30.7,79533,85.2,74.8
2026-02-26,AIF027,47.0,30.5,18171,69.6,28.8
2026-02-26,AIF028,45.0,71.1,126858,73.7,51.5
2026-02-26,AIF029,46.6,83.9,58636,97.3,31.0
2026-02-26,AIF030,57.8,47.1,174142,85.3,26.6
2026-02-26,AIF031,78.7,38.4,66931,82.3,44.2
2026-02-26,AIF032,48.8,33.9,133033,72.1,71.8
2026-02-26,AIF033,92.1,54.1,29658,63.4,64.6
2026-02-26,AIF034,92.3,28.7,142628,78.4,68.6
2026-02-26,AIF035,93.1,26.1,2877,91.2,41.9
2026-02-26,AIF036,69.7,21.9,32659,68.8,12.3
2026-02-27,AIF001,93.3,44.2,24510,80.5,31.5
2026-02-27,AIF002,92.3,50.9,20628,82.6,9.1
2026-02-27,AIF003,43.4,43.9,107926,77.1,92.8
2026-02-27,AIF004,86.0,30.4,147018,70.3,89.1
2026-02-27,AIF005,88.5,69.0,175109,83.6,86.0
2026-02-27,AIF006,40.7,20.1,166448,82.6,59.3
2026-02-27,AIF007,88.0,49.1,170871,94.0,65.0
2026-02-27,AIF008,40.5,69.7,45603,83.9,86.5
2026-02-27,AIF009,83.2,72.0,142463,65.2,14.8
2026-02-27,AIF010,81.7,29.7,111200,70.8,55.3
2026-02-27,AIF011,67.3,27.1,19728,70.6,55.6
2026-02-27,AIF012,60.9,38.1,78859,88.9,56.0
2026-02-27,AIF013,43.8,20.7,162921,69.1,62.3
2026-02-27,AIF014,70.3,76.1,69811,64.0,23.4
2026-02-27,AIF015,43.5,31.4,12040,74.4,67.2
2026-02-27,AIF016,71.4,22.8,100135,84.4,75.3
2026-02-27,AIF017,86.8,70.8,101595,76.8,90.4
2026-02-27,AIF018,72.7,69.3,135015,85.6,21.8
2026-02-27,AIF019,43.4,83.1,20399,83.7,15.9
2026-02-27,AIF020,66.7,54.4,39852,96.7,63.2
2026-02-27,AIF021,95.0,54.0,19504,75.2,61.1
2026-02-27,AIF022,48.6,30.5,99844,77.6,48.9
2026-02-27,AIF023,67.2,83.9,76255,63.6,61.8
2026-02-27,AIF024,56.6,77.8,79094,79.4,66.3
2026-02-27,AIF025,57.2,68.7,127604,87.3,40.4
2026-02-27,AIF026,94.8,57.6,151932,85.1,58.5
2026-02-27,AIF027,73.0,43.7,18460,72.6,69.3
2026-02-27,AIF028,69.6,55.1,47649,88.7,76.4
2026-02-27,AIF029,51.1,73.8,61871,67.5,86.4
2026-02-27,AIF030,78.4,51.0,163937,66.6,55.0
2026-02-27,AIF031,57.8,18.2,118831,68.3,37.9
2026-02-27,AIF032,49.7,71.4,98895,93.6,10.5
2026-02-27,AIF033,54.1,34.9,24200,87.8,69.3
2026-02-27,AIF034,68.0,67.7,113404,97.5,8.4
2026-02-27,AIF035,86.1,25.2,122772,83.6,10.0
2026-02-27,AIF036,62.8,64.8,179759,81.5,74.6
2026-02-28,AIF001,67.9,74.6,150877,71.1,89.5
2026-02-28,AIF002,79.1,74.5,180767,81.2,33.7
2026-02-28,AIF003,76.1,27.9,51235,87.7,47.8
2026-02-28,AIF004,49.4,71.8,73352,95.0,34.1
2026-02-28,AIF005,87.7,29.6,12184,71.8,32.9
2026-02-28,AIF006,55.1,67.8,36020,85.1,17.5
2026-02-28,AIF007,76.8,22.5,110472,77.0,34.6
2026-02-28,AIF008,81.1,49.7,5695,65.9,64.2
2026-02-28,AIF009,87.3,78.5,9318,80.4,93.4
2026-02-28,AIF010,55.4,23.1,167954,65.1,38.3
2026-02-28,AIF011,75.8,21.2,33044,96.0,20.6
2026-02-28,AIF012,44.1,68.1,21754,63.5,25.9
2026-02-28,AIF013,93.5,28.2,68560,76.3,70.0
2026-02-28,AIF014,61.6,81.6,94887,78.4,31.7
2026-02-28,AIF015,44.0,68.5,51353,86.8,52.1
2026-02-28,AIF016,77.2,29.4,45781,62.7,55.8
2026-02-28,AIF017,92.0,76.7,55276,64.1,84.8
2026-02-28,AIF018,84.2,73.3,66381,97.0,91.8
2026-02-28,AIF019,81.8,46.4,71552,64.1,75.0
2026-02-28,AIF020,89.7,75.1,21994,90.5,46.6
2026-02-28,AIF021,96.5,80.0,147310,95.0,57.0
2026-02-28,AIF022,68.0,71.6,87277,62.7,73.0
2026-02-28,AIF023,92.4,35.1,73499,86.1,11.4
2026-02-28,AIF024,57.2,76.6,126997,97.9,89.1
2026-02-28,AIF025,93.2,41.8,2715,65.0,19.9
2026-02-28,AIF026,77.9,55.0,33952,88.7,14.1
2026-02-28,AIF027,71.3,28.1,45025,95.0,43.1
2026-02-28,AIF028,75.9,61.6,175146,63.0,12.3
2026-02-28,AIF029,50.9,74.5,182614,87.0,35.3
2026-02-28,AIF030,64.7,74.5,98509,98.8,91.1
2026-02-28,AIF031,66.3,64.1,2965,77.0,39.1
2026-02-28,AIF032,77.6,74.0,131889,97.4,48.4
2026-02-28,AIF033,79.1,75.7,175723,98.9,28.9
2026-02-28,AIF034,62.9,25.8,109613,87.2,29.2
2026-02-28,AIF035,72.9,69.7,149617,79.5,8.9
2026-02-28,AIF036,96.2,30.6,31887,82.5,28.9
2026-03-01,AIF001,40.0,40.4,57719,80.0,64.0
2026-03-01,AIF002,90.8,60.0,171693,84.3,78.6
2026-03-01,AIF003,85.2,46.9,159912,72.0,46.6
2026-03-01,AIF004,46.9,19.9,26115,69.7,42.1
2026-03-01,AIF005,95.1,34.0,40410,73.4,45.1
2026-03-01,AIF006,64.3,41.5,163611,70.0,87.1
2026-03-01,AIF007,84.2,65.5,121120,95.7,57.3
2026-03-01,AIF008,51.1,55.0,45579,98.6,86.3
2026-03-01,AIF009,94.0,52.0,89061,72.5,12.7
2026-03-01,AIF010,49.0,41.4,80518,82.8,19.7
2026-03-01,AIF011,42.1,64.0,13591,77.7,8.1
2026-03-01,AIF012,70.8,23.8,80645,97.8,57.5
2026-03-01,AIF013,56.8,78.3,183255,98.9,63.4
2026-03-01,AIF014,50.0,45.6,134010,85.2,51.8
2026-03-01,AIF015,91.9,77.5,162774,69.3,93.1
2026-03-01,AIF016,81.3,68.7,105593,91.5,59.4
2026-03-01,AIF017,83.9,74.4,10433,67.5,69.7
2026-03-01,AIF018,92.9,41.1,121089,71.2,15.4
2026-03-01,AIF019,60.8,70.1,8973,80.5,50.6
2026-03-01,AIF020,90.3,59.5,6219,64.5,92.6
2026-03-01,AIF021,94.0,44.7,41496,79.1,80.8
2026-03-01,AIF022,49.6,76.9,183054,70.0,65.9
2026-03-01,AIF023,82.0,22.0,98325,66.5,73.1
2026-03-01,AIF024,64.1,75.9,97285,98.7,15.2
2026-03-01,AIF025,88.1,76.5,121207,90.2,73.4
2026-03-01,AIF026,50.0,45.4,174818,69.7,71.1
2026-03-01,AIF027,87.4,78.2,153032,72.0,12.4
2026-03-01,AIF028,63.5,67.9,114442,74.0,79.3
2026-03-01,AIF029,57.6,70.4,179181,62.8,64.9
2026-03-01,AIF030,49.1,68.3,40582,87.6,61.3
2026-03-01,AIF031,96.0,54.0,47936,70.0,51.4
2026-03-01,AIF032,54.4,49.3,107024,88.1,52.6
2026-03-01,AIF033,93.5,82.2,18604,78.9,73.5
2026-03-01,AIF034,44.8,76.7,156763,97.7,61.0
2026-03-01,AIF035,40.3,51.5,123880,76.2,17.1
2026-03-01,AIF036,65.8,81.3,108740,89.3,26.9
2026-03-02,AIF001,69.6,36.3,132059,62.3,34.4
2026-03-02,AIF002,60.0,29.9,99294,95.3,48.7
2026-03-02,AIF003,48.3,64.7,62138,91.7,35.0
2026-03-02,AIF004,72.9,48.6,89067,81.7,18.0
2026-03-02,AIF005,56.0,27.5,43613,91.7,60.2
2026-03-02,AIF006,42.3,57.3,17416,67.7,42.3
2026-03-02,AIF007,64.9,29.0,169949,69.0,84.8
2026-03-02,AIF008,80.5,37.5,85160,81.0,41.2
2026-03-02,AIF009,66.0,70.2,65329,76.0,80.5
2026-03-02,AIF010,78.3,20.6,48259,93.2,68.9
2026-03-02,AIF011,46.1,73.9,179446,64.1,82.6
2026-03-02,AIF012,40.6,28.2,93488,88.4,44.1
2026-03-02,AIF013,93.3,18.1,127765,91.2,63.7
2026-03-02,AIF014,79.2,55.7,30742,97.4,58.1
2026-03-02,AIF015,92.2,25.9,51222,83.5,72.3
2026-03-02,AIF016,49.2,77.1,79020,94.8,49.3
2026-03-02,AIF017,40.5,63.3,15431,96.1,72.2
2026-03-02,AIF018,46.0,42.7,174286,63.3,63.3
2026-03-02,AIF019,71.8,65.7,174808,68.5,42.5
2026-03-02,AIF020,88.0,62.4,139152,66.3,18.2
2026-03-02,AIF021,67.6,63.0,71149,82.3,22.5
2026-03-02,AIF022,42.7,58.6,86071,93.7,32.5
2026-03-02,AIF023,71.7,35.7,52917,97.4,26.8
2026-03-02,AIF024,68.2,69.6,172613,90.9,87.3
2026-03-02,AIF025,78.6,50.0,13496,63.0,75.0
2026-03-02,AIF026,45.8,55.2,18334,68.0,93.4
2026-03-02,AIF027,53.2,59.5,98121,83.8,48.6
2026-03-02,AIF028,40.6,63.0,98142,63.5,45.4
2026-03-02,AIF029,42.6,76.2,152484,85.7,22.9
2026-03-02,AIF030,80.2,61.2,182233,87.8,14.1
2026-03-02,AIF031,79.5,70.4,41222,68.9,92.9
2026-03-02,AIF032,47.1,83.0,64759,70.9,35.3
2026-03-02,AIF033,67.7,62.4,174438,98.5,23.4
2026-03-02,AIF034,41.9,40.6,66178,63.7,50.7
2026-03-02,AIF035,94.2,19.2,137183,70.4,54.4
2026-03-02,AIF036,76.6,45.3,141238,92.4,14.4
2026-03-03,AIF001,72.4,80.2,56041,95.9,49.5
2026-03-03,AIF002,42.8,78.3,108750,64.5,82.1
2026-03-03,AIF003,72.7,39.3,41875,87.5,60.0
2026-03-03,AIF004,83.5,83.7,117402,88.4,88.8
2026-03-03,AIF005,51.1,56.2,18900,95.4,22.2
2026-03-03,AIF006,81.3,60.2,61319,96.3,58.7
2026-03-03,AIF007,68.2,65.1,171505,93.9,38.7
2026-03-03,AIF008,49.0,19.2,95640,71.6,70.8
2026-03-03,AIF009,67.2,18.2,145809,96.1,19.7
2026-03-03,AIF010,72.9,77.7,146072,98.3,84.7
2026-03-03,AIF011,90.9,61.1,143196,81.8,12.1
2026-03-03,AIF012,71.5,51.3,32068,66.9,73.7
2026-03-03,AIF013,87.8,37.9,142451,66.3,72.6
2026-03-03,AIF014,41.9,32.3,168956,64.4,21.4
2026-03-03,AIF015,55.2,61.4,116164,80.8,23.2
2026-03-03,AIF016,93.8,32.5,96547,93.5,21.6
2026-03-03,AIF017,74.1,32.2,140521,95.0,18.2
2026-03-03,AIF018,55.2,32.5,36870,95.1,71.3
2026-03-03,AIF019,46.2,21.2,89974,85.8,13.9
2026-03-03,AIF020,83.5,49.6,102562,91.4,15.0
2026-03-03,AIF021,72.4,64.4,3228,70.3,82.7
2026-03-03,AIF022,69.0,26.1,44591,86.1,36.3
2026-03-03,AIF023,85.0,33.7,139717,95.0,74.1
2026-03-03,AIF024,72.3,36.7,150983,93.3,78.0
2026-03-03,AIF025,63.8,18.9,135921,72.3,41.6
2026-03-03,AIF026,40.5,28.1,75572,98.9,42.3
2026-03-03,AIF027,73.7,23.7,33795,62.6,40.7
2026-03-03,AIF028,43.4,52.7,97520,64.9,64.3
2026-03-03,AIF029,86.6,49.1,72034,86.3,77.9
2026-03-03,AIF030,45.8,81.6,20900,62.5,39.1
2026-03-03,AIF031,96.4,29.6,23352,97.5,29.5
2026-03-03,AIF032,72.9,38.2,79474,65.7,11.8
2026-03-03,AIF033,76.9,48.1,127082,93.9,28.3
2026-03-03,AIF034,45.6,25.3,102553,93.9,47.7
2026-03-03,AIF035,73.2,23.4,58229,63.7,62.4
2026-03-03,AIF036,57.7,57.3,169613,97.5,46.7
2026-03-04,AIF001,83.5,33.4,100884,91.7,93.0
2026-03-04,AIF002,93.3,82.9,16044,68.1,56.4
2026-03-04,AIF003,58.5,81.8,42901,80.1,70.4
2026-03-04,AIF004,89.1,71.2,18772,90.0,81.4
2026-03-04,AIF005,45.5,59.5,45981,77.2,86.8
2026-03-04,AIF006,85.3,74.8,66977,75.8,33.6
2026-03-04,AIF007,94.1,22.0,127660,94.9,26.9
2026-03-04,AIF008,96.0,82.4,127395,74.4,88.0
2026-03-04,AIF009,46.5,66.5,105198,88.3,92.0
2026-03-04,AIF010,48.7,80.7,10631,85.8,32.4
2026-03-04,AIF011,79.8,76.9,76097,88.4,72.3
2026-03-04,AIF012,71.2,60.0,20035,88.7,27.0
2026-03-04,AIF013,89.5,24.6,131119,95.8,63.5
2026-03-04,AIF014,93.6,55.8,143078,98.3,37.9
2026-03-04,AIF015,84.6,37.9,93369,95.1,84.1
2026-03-04,AIF016,45.1,57.8,184210,68.3,86.0
2026-03-04,AIF017,51.8,24.4,29246,75.1,86.5
2026-03-04,AIF018,85.9,75.4,78137,86.8,92.4
2026-03-04,AIF019,51.1,57.5,49479,64.4,57.7
2026-03-04,AIF020,68.4,31.2,24852,98.1,93.0
2026-03-04,AIF021,88.7,47.8,163586,75.8,83.1
2026-03-04,AIF022,76.1,63.1,33508,71.6,47.4
2026-03-04,AIF023,83.9,46.8,123269,65.6,20.9
2026-03-04,AIF024,79.4,64.2,69736,78.7,90.4
2026-03-04,AIF025,63.7,24.9,110046,78.4,23.3
2026-03-04,AIF026,87.0,50.7,151962,84.8,36.8
2026-03-04,AIF027,76.1,32.5,76153,95.9,31.5
2026-03-04,AIF028,59.4,83.1,35919,87.2,34.1
2026-03-04,AIF029,71.5,75.3,134387,67.5,83.3
2026-03-04,AIF030,96.4,55.4,24522,91.6,31.9
2026-03-04,AIF031,64.0,26.3,89685,90.6,55.0
2026-03-04,AIF032,95.8,64.5,168193,97.7,42.4
2026-03-04,AIF033,89.2,57.1,107707,92.2,41.8
2026-03-04,AIF034,42.8,62.0,78748,91.5,44.6
2026-03-04,AIF035,93.0,23.7,101197,78.5,57.3
2026-03-04,AIF036,44.3,45.5,115968,65.6,62.7
2026-03-05,AIF001,51.2,69.6,144610,95.0,65.7
2026-03-05,AIF002,93.1,19.9,129018,76.0,70.6
2026-03-05,AIF003,43.9,36.3,113589,64.5,65.5
2026-03-05,AIF004,91.2,52.9,103193,93.6,80.1
2026-03-05,AIF005,66.6,75.2,150227,76.5,71.8
2026-03-05,AIF006,57.2,47.1,141144,82.7,92.7
2026-03-05,AIF007,55.0,82.5,153922,81.5,60.2
2026-03-05,AIF008,53.9,18.1,31740,74.1,37.5
2026-03-05,AIF009,50.8,56.9,88048,62.1,28.1
2026-03-05,AIF010,43.8,57.1,65422,79.7,52.6
2026-03-05,AIF011,80.1,73.5,66882,86.6,10.5
2026-03-05,AIF012,60.4,25.8,82040,63.2,30.7
2026-03-05,AIF013,55.8,31.3,78334,86.5,59.1
2026-03-05,AIF014,71.4,22.1,34819,87.3,67.9
2026-03-05,AIF015,43.9,80.4,107777,87.5,43.5
2026-03-05,AIF016,76.9,71.5,8613,94.1,77.7
2026-03-05,AIF017,89.0,46.1,32264,87.4,10.6
2026-03-05,AIF018,75.2,59.1,72435,65.3,72.0
2026-03-05,AIF019,75.6,28.7,47926,82.1,71.8
2026-03-05,AIF020,95.6,39.9,53080,76.1,70.1
2026-03-05,AIF021,47.8,44.1,38385,91.1,46.1
2026-03-05,AIF022,46.7,65.1,146925,66.5,57.0
2026-03-05,AIF023,87.6,64.4,47108,67.5,30.9
2026-03-05,AIF024,77.1,35.2,31081,97.3,20.4
2026-03-05,AIF025,70.1,18.3,15719,82.3,82.4
2026-03-05,AIF026,63.8,34.0,178014,93.2,53.7
2026-03-05,AIF027,90.3,77.4,181528,90.4,93.9
2026-03-05,AIF028,63.7,26.8,156909,90.5,54.3
2026-03-05,AIF029,77.2,44.0,124909,69.6,22.1
2026-03-05,AIF030,94.1,25.2,6410,62.7,39.8
2026-03-05,AIF031,80.8,55.5,141566,94.9,78.8
2026-03-05,AIF032,41.6,31.4,70677,90.1,45.4
2026-03-05,AIF033,90.1,51.8,176938,90.3,11.5
2026-03-05,AIF034,94.9,22.8,121018,78.7,72.4
2026-03-05,AIF035,71.7,51.2,109773,76.0,40.3
2026-03-05,AIF036,54.9,23.9,89818,94.4,18.0
2026-03-06,AIF001,67.3,81.6,172006,93.6,57.1
2026-03-06,AIF002,95.1,76.2,134989,64.0,17.3
2026-03-06,AIF003,94.3,82.1,28166,92.5,14.4
2026-03-06,AIF004,61.8,40.5,142151,75.1,57.4
2026-03-06,AIF005,77.1,56.3,116527,92.1,78.7
2026-03-06,AIF006,70.5,69.3,108692,78.8,75.7
2026-03-06,AIF007,87.1,34.3,5705,73.2,88.9
2026-03-06,AIF008,66.8,30.1,127498,93.1,32.2
2026-03-06,AIF009,91.9,47.5,59988,95.9,33.5
2026-03-06,AIF010,65.8,69.9,153947,66.2,60.3
2026-03-06,AIF011,46.2,53.2,82590,98.8,17.7
2026-03-06,AIF012,46.8,80.3,4697,81.6,63.7
2026-03-06,AIF013,76.5,38.0,56853,89.9,27.5
2026-03-06,AIF014,61.9,46.2,28406,72.6,42.0
2026-03-06,AIF015,89.8,74.0,178661,75.4,23.1
2026-03-06,AIF016,61.6,80.5,144990,88.6,25.7
2026-03-06,AIF017,85.2,54.8,170874,67.2,92.7
2026-03-06,AIF018,70.0,65.7,108414,71.3,17.7
2026-03-06,AIF019,47.0,64.0,182951,93.6,69.4
2026-03-06,AIF020,96.6,76.1,157029,76.5,83.3
2026-03-06,AIF021,41.0,39.7,135354,65.5,18.2
2026-03-06,AIF022,95.1,62.5,44850,86.4,57.8
2026-03-06,AIF023,73.1,58.8,4057,74.0,69.7
2026-03-06,AIF024,55.9,77.2,113688,89.6,83.6
2026-03-06,AIF025,82.4,35.0,160742,89.3,75.9
2026-03-06,AIF026,77.5,55.1,62672,97.9,91.8
2026-03-06,AIF027,49.8,78.9,179597,84.7,71.0
2026-03-06,AIF028,51.9,82.1,95908,91.3,18.7
2026-03-06,AIF029,94.3,18.5,29916,69.3,60.7
2026-03-06,AIF030,54.8,66.8,17865,71.0,56.8
2026-03-06,AIF031,42.8,31.4,24812,62.9,85.8
2026-03-06,AIF032,71.1,36.8,60188,77.5,21.4
2026-03-06,AIF033,79.2,63.2,79316,92.2,24.1
2026-03-06,AIF034,55.0,70.1,164920,92.6,42.2
2026-03-06,AIF035,59.1,48.0,55770,84.9,33.7
2026-03-06,AIF036,44.9,60.1,66919,82.8,92.3
2026-03-07,AIF001,71.3,58.2,15490,71.8,76.9
2026-03-07,AIF002,47.2,31.4,122539,86.9,79.7
2026-03-07,AIF003,93.1,75.1,79642,82.0,19.8
2026-03-07,AIF004,59.7,29.0,36594,76.1,38.7
2026-03-07,AIF005,79.5,28.0,172816,76.6,17.5
2026-03-07,AIF006,60.2,81.2,82292,74.3,28.9
2026-03-07,AIF007,45.1,59.7,145513,93.0,80.6
2026-03-07,AIF008,56.5,76.1,78694,82.8,40.9
2026-03-07,AIF009,45.9,57.1,154363,94.4,75.2
2026-03-07,AIF010,82.5,59.5,106740,93.8,24.2
2026-03-07,AIF011,72.6,40.5,53383,78.7,12.4
2026-03-07,AIF012,90.5,69.2,102265,67.4,45.3
2026-03-07,AIF013,48.2,30.8,102852,98.4,40.6
2026-03-07,AIF014,54.1,81.3,4518,68.5,85.3
2026-03-07,AIF015,74.5,69.9,126429,75.8,87.9
2026-03-07,AIF016,75.4,54.7,27795,82.2,78.6
2026-03-07,AIF017,78.2,80.6,184880,65.4,8.4
2026-03-07,AIF018,46.4,82.6,117312,85.0,87.5
2026-03-07,AIF019,94.9,35.1,134981,66.6,51.8
2026-03-07,AIF020,53.9,32.0,133819,84.1,68.1
2026-03-07,AIF021,51.4,64.1,146170,88.1,47.4
2026-03-07,AIF022,59.5,24.9,101835,89.9,26.2
2026-03-07,AIF023,89.0,62.8,84888,63.8,83.8
2026-03-07,AIF024,61.1,82.7,18235,92.7,16.3
2026-03-07,AIF025,92.9,57.4,108612,66.4,88.4
2026-03-07,AIF026,73.3,74.0,163706,84.9,10.9
2026-03-07,AIF027,69.3,25.4,33521,65.6,41.7
2026-03-07,AIF028,82.5,47.6,12983,74.0,17.9
2026-03-07,AIF029,73.1,23.3,161648,62.2,52.9
2026-03-07,AIF030,94.6,18.8,85958,63.0,49.4
2026-03-07,AIF031,71.7,52.2,172886,64.6,30.1
2026-03-07,AIF032,53.4,72.5,142857,91.1,63.3
2026-03-07,AIF033,61.9,74.1,10379,82.1,9.5
2026-03-07,AIF034,69.1,52.7,51077,84.6,49.4
2026-03-07,AIF035,75.8,71.2,83510,80.9,26.4
2026-03-07,AIF036,92.3,60.1,9098,90.4,21.0
2026-03-08,AIF001,78.1,52.7,171739,95.2,79.1
2026-03-08,AIF002,53.7,38.9,156490,86.5,52.5
2026-03-08,AIF003,89.2,52.6,138951,88.9,17.1
2026-03-08,AIF004,85.2,41.6,92960,66.8,43.4
2026-03-08,AIF005,89.2,80.2,27115,66.3,90.8
2026-03-08,AIF006,92.0,73.5,149216,62.7,54.7
2026-03-08,AIF007,45.5,68.1,25811,84.1,55.1
2026-03-08,AIF008,96.8,67.5,73866,68.3,25.0
2026-03-08,AIF009,91.8,37.9,176766,91.6,42.9
2026-03-08,AIF010,46.3,30.1,35185,81.2,73.0
2026-03-08,AIF011,95.1,22.7,15501,68.5,12.3
2026-03-08,AIF012,71.3,80.6,61775,63.5,35.4
2026-03-08,AIF013,59.0,58.2,99197,65.9,37.6
2026-03-08,AIF014,52.5,73.9,66145,91.5,25.8
2026-03-08,AIF015,57.3,55.2,44225,70.8,30.2
2026-03-08,AIF016,40.1,51.1,63555,74.8,54.7
2026-03-08,AIF017,70.5,26.2,118071,95.8,13.7
2026-03-08,AIF018,57.3,60.4,118466,77.6,46.2
2026-03-08,AIF019,64.2,43.0,130653,72.1,23.5
2026-03-08,AIF020,70.6,80.1,10593,65.0,30.0
2026-03-08,AIF021,41.1,67.4,53805,70.4,51.2
2026-03-08,AIF022,44.8,38.0,172753,85.5,62.6
2026-03-08,AIF023,53.9,33.0,27326,83.5,55.7
2026-03-08,AIF024,60.8,58.4,155847,71.8,86.9
2026-03-08,AIF025,74.3,56.9,173209,68.2,68.7
2026-03-08,AIF026,65.8,66.0,168184,71.4,84.0
2026-03-08,AIF027,59.5,69.0,78081,79.6,72.8
2026-03-08,AIF028,67.5,70.4,45542,96.9,64.7
2026-03-08,AIF029,88.9,26.0,20351,65.6,74.1
2026-03-08,AIF030,54.2,82.5,116083,78.3,67.2
2026-03-08,AIF031,60.2,80.5,169939,89.0,80.7
2026-03-08,AIF032,47.6,42.4,178945,78.2,59.0
2026-03-08,AIF033,58.6,62.1,100790,89.1,89.1
2026-03-08,AIF034,53.4,46.6,120637,76.2,71.5
2026-03-08,AIF035,60.8,51.9,125723,91.9,70.0
2026-03-08,AIF036,70.6,55.1,73010,98.3,63.9
2026-03-09,AIF001,53.4,27.3,78746,73.1,93.7
2026-03-09,AIF002,67.2,67.6,183676,68.5,52.5
2026-03-09,AIF003,48.8,49.7,166277,79.8,44.1
2026-03-09,AIF004,81.4,51.4,51319,66.6,12.6
2026-03-09,AIF005,83.0,35.4,16577,65.4,12.2
2026-03-09,AIF006,73.7,50.0,82630,75.5,42.4
2026-03-09,AIF007,66.9,29.3,116938,94.7,12.2
2026-03-09,AIF008,72.1,62.3,16124,83.4,70.4
2026-03-09,AIF009,43.6,64.2,56517,98.0,43.5
2026-03-09,AIF010,71.1,54.4,22959,97.9,26.0
2026-03-09,AIF011,80.0,20.9,109124,66.9,87.9
2026-03-09,AIF012,54.8,43.6,49711,75.0,27.2
2026-03-09,AIF013,81.2,72.5,36034,87.1,25.9
2026-03-09,AIF014,96.6,78.0,64193,98.1,44.4
2026-03-09,AIF015,73.3,56.2,77715,98.9,82.6
2026-03-09,AIF016,96.6,19.3,42680,74.4,10.1
2026-03-09,AIF017,48.2,22.8,24385,98.3,73.8
2026-03-09,AIF018,57.3,23.3,28478,82.6,51.1
2026-03-09,AIF019,89.0,71.4,163865,74.9,67.2
2026-03-09,AIF020,64.5,52.0,172585,89.5,29.6
2026-03-09,AIF021,48.3,20.8,65715,64.4,14.4
2026-03-09,AIF022,85.1,46.9,180741,83.1,9.5
2026-03-09,AIF023,96.7,40.7,148332,72.0,44.3
2026-03-09,AIF024,53.9,43.3,71711,63.1,20.3
2026-03-09,AIF025,89.9,76.2,24676,85.9,77.2
2026-03-09,AIF026,85.3,42.2,84196,63.6,56.1
2026-03-09,AIF027,61.5,79.4,116570,66.0,75.4
2026-03-09,AIF028,94.6,40.3,64629,68.1,83.1
2026-03-09,AIF029,75.1,55.7,109915,89.0,64.4
2026-03-09,AIF030,74.6,64.8,42292,89.0,60.0
2026-03-09,AIF031,74.4,78.3,22660,94.0,80.4
2026-03-09,AIF032,79.3,27.1,24323,78.4,53.3
2026-03-09,AIF033,53.5,26.0,131801,63.0,13.1
2026-03-09,AIF034,64.4,26.5,57626,97.2,77.9
2026-03-09,AIF035,84.6,28.0,78527,86.8,8.2
2026-03-09,AIF036,74.5,43.4,51909,68.5,35.8
2026-03-10,AIF001,57.3,74.5,176561,76.1,50.7
2026-03-10,AIF002,85.6,36.6,77726,71.0,45.9
2026-03-10,AIF003,94.9,32.3,93524,71.5,70.0
2026-03-10,AIF004,52.0,37.3,85964,97.1,43.5
2026-03-10,AIF005,46.5,34.3,111967,91.3,88.6
2026-03-10,AIF006,53.5,80.2,30622,84.7,81.4
2026-03-10,AIF007,45.1,82.4,148826,86.4,56.3
2026-03-10,AIF008,82.2,64.2,173264,72.9,77.9
2026-03-10,AIF009,50.4,83.6,148761,93.0,23.9
2026-03-10,AIF010,96.6,48.9,30907,75.9,33.2
2026-03-10,AIF011,48.0,74.4,90512,83.6,51.9
2026-03-10,AIF012,56.7,73.0,64155,97.2,37.2
2026-03-10,AIF013,92.6,39.1,147756,84.7,19.0
2026-03-10,AIF014,50.0,33.7,83618,93.6,42.7
2026-03-10,AIF015,57.6,43.8,134190,68.2,65.3
2026-03-10,AIF016,67.3,57.4,139165,65.2,57.2
2026-03-10,AIF017,72.1,61.6,171597,79.5,22.3
2026-03-10,AIF018,77.4,82.5,124636,79.6,23.8
2026-03-10,AIF019,62.6,75.4,156628,63.4,70.1
2026-03-10,AIF020,79.8,43.4,40066,66.3,27.1
2026-03-10,AIF021,71.2,33.0,62736,68.2,36.4
2026-03-10,AIF022,67.8,23.6,182918,98.8,36.9
2026-03-10,AIF023,84.9,28.7,58858,96.8,81.9
2026-03-10,AIF024,61.2,65.5,34811,63.7,46.9
2026-03-10,AIF025,93.4,25.6,88572,70.6,82.5
2026-03-10,AIF026,83.4,42.3,129277,94.7,25.6
2026-03-10,AIF027,78.0,21.7,150205,73.9,89.6
2026-03-10,AIF028,79.0,29.7,115541,77.5,92.9
2026-03-10,AIF029,73.7,80.9,160541,86.3,32.1
2026-03-10,AIF030,48.2,72.0,171032,67.9,74.0
2026-03-10,AIF031,59.6,63.1,182118,85.0,25.8
2026-03-10,AIF032,78.8,46.0,118686,73.7,16.1
2026-03-10,AIF033,47.5,34.4,126102,69.5,19.7
2026-03-10,AIF034,68.3,39.1,183212,67.2,40.4
2026-03-10,AIF035,88.9,74.5,103257,69.1,67.4
2026-03-10,AIF036,85.8,39.9,171575,62.3,73.7
2026-03-11,AIF001,94.2,78.7,14385,96.2,16.4
2026-03-11,AIF002,59.0,47.6,43268,95.8,25.4
2026-03-11,AIF003,52.7,44.1,157092,64.4,31.8
2026-03-11,AIF004,50.3,48.8,82954,69.0,64.4
2026-03-11,AIF005,85.2,64.4,78067,89.5,94.0
2026-03-11,AIF006,41.9,64.8,67560,81.8,58.4
2026-03-11,AIF007,95.2,70.5,4294,63.0,8.2
2026-03-11,AIF008,54.5,48.1,4642,94.5,64.1
2026-03-11,AIF009,78.6,43.2,153434,66.4,89.4
2026-03-11,AIF010,41.1,78.0,144172,69.4,72.6
2026-03-11,AIF011,89.7,68.4,78765,87.4,88.7
2026-03-11,AIF012,72.1,18.1,157317,78.6,16.6
2026-03-11,AIF013,48.8,21.8,104798,68.9,70.0
2026-03-11,AIF014,61.3,51.2,49538,96.8,57.8
2026-03-11,AIF015,40.3,51.5,4774,80.3,89.2
2026-03-11,AIF016,85.3,54.3,24070,75.1,11.5
2026-03-11,AIF017,50.4,77.3,50825,95.8,8.3
2026-03-11,AIF018,72.0,24.5,184612,83.6,42.6
2026-03-11,AIF019,69.1,71.9,123669,96.0,92.3
2026-03-11,AIF020,61.2,77.3,25911,80.8,12.6
2026-03-11,AIF021,47.9,22.9,32133,65.7,23.5
2026-03-11,AIF022,54.1,48.8,180078,98.3,9.5
2026-03-11,AIF023,81.0,37.1,133214,71.3,81.2
2026-03-11,AIF024,52.8,33.3,128868,76.6,50.2
2026-03-11,AIF025,81.2,74.0,107739,73.8,71.9
2026-03-11,AIF026,62.2,67.1,10724,92.5,39.4
2026-03-11,AIF027,70.1,34.9,63620,87.6,53.1
2026-03-11,AIF028,69.3,42.7,137262,75.5,26.9
2026-03-11,AIF029,83.8,83.7,81701,65.9,56.3
2026-03-11,AIF030,44.0,62.6,60888,80.3,59.3
2026-03-11,AIF031,49.0,34.7,66545,89.0,43.5
2026-03-11,AIF032,64.2,35.5,61603,87.9,23.8
2026-03-11,AIF033,53.3,19.8,122321,62.2,53.5
2026-03-11,AIF034,83.4,22.9,109493,90.0,47.6
2026-03-11,AIF035,79.3,25.5,119094,98.4,31.1
2026-03-11,AIF036,59.1,78.9,94485,75.8,38.7
2026-03-12,AIF001,90.3,78.7,101278,71.6,38.8
2026-03-12,AIF002,95.8,74.3,180170,73.6,27.6
2026-03-12,AIF003,41.5,18.4,57923,97.6,56.9
2026-03-12,AIF004,94.6,45.0,140125,85.5,88.3
2026-03-12,AIF005,64.9,37.2,105847,71.3,53.7
2026-03-12,AIF006,71.5,38.3,19000,79.1,59.3
2026-03-12,AIF007,48.7,83.3,37865,78.9,54.1
2026-03-12,AIF008,54.7,55.9,171335,92.2,78.6
2026-03-12,AIF009,49.9,33.5,43173,62.5,66.9
2026-03-12,AIF010,91.8,51.5,53778,75.9,32.7
2026-03-12,AIF011,88.9,79.2,89784,80.5,25.7
2026-03-12,AIF012,53.9,56.0,168748,97.9,73.3
2026-03-12,AIF013,56.9,36.0,148549,76.7,88.4
2026-03-12,AIF014,48.0,80.8,139307,91.4,32.3
2026-03-12,AIF015,56.7,73.1,62884,66.7,19.4
2026-03-12,AIF016,95.1,48.3,91713,73.1,65.4
2026-03-12,AIF017,70.2,25.2,41879,88.2,85.8
2026-03-12,AIF018,82.8,76.5,133440,66.3,86.4
2026-03-12,AIF019,40.3,82.4,183355,75.2,67.0
2026-03-12,AIF020,55.7,37.7,9670,77.8,9.2
2026-03-12,AIF021,83.3,28.4,67879,95.3,49.5
2026-03-12,AIF022,58.7,77.9,165594,68.4,27.3
2026-03-12,AIF023,60.3,38.4,125416,66.2,10.0
2026-03-12,AIF024,50.4,62.8,19012,98.0,35.3
2026-03-12,AIF025,79.5,20.9,90969,86.3,56.9
2026-03-12,AIF026,72.0,67.5,154016,69.2,40.6
2026-03-12,AIF027,64.9,23.7,32609,63.8,22.5
2026-03-12,AIF028,92.2,52.1,165854,63.4,15.6
2026-03-12,AIF029,87.2,52.2,121638,96.4,35.4
2026-03-12,AIF030,59.3,44.7,5954,88.9,91.6
2026-03-12,AIF031,91.5,64.2,11419,78.3,78.2
2026-03-12,AIF032,95.4,51.3,91320,81.1,75.9
2026-03-12,AIF033,53.3,51.2,52034,90.6,65.6
2026-03-12,AIF034,88.0,80.4,148613,81.7,53.9
2026-03-12,AIF035,59.6,25.1,161073,86.8,73.1
2026-03-12,AIF036,83.2,62.4,176954,74.0,65.3
2026-03-13,AIF001,92.9,32.4,37938,82.0,20.3
2026-03-13,AIF002,89.9,65.9,69426,88.8,62.3
2026-03-13,AIF003,44.8,43.9,134780,95.7,13.7
2026-03-13,AIF004,76.7,75.3,151275,99.0,49.8
2026-03-13,AIF005,87.4,56.7,178889,90.7,25.6
2026-03-13,AIF006,89.5,71.0,101150,86.1,32.3
2026-03-13,AIF007,72.5,39.0,21487,64.1,46.8
2026-03-13,AIF008,70.0,25.8,141090,72.2,55.5
2026-03-13,AIF009,74.6,42.6,26027,76.6,67.1
2026-03-13,AIF010,53.6,68.6,8289,73.8,63.1
2026-03-13,AIF011,80.8,78.6,169394,63.3,40.8
2026-03-13,AIF012,50.6,30.5,36963,80.9,55.2
2026-03-13,AIF013,89.5,69.0,141809,96.9,12.3
2026-03-13,AIF014,45.8,40.4,68375,74.3,20.8
2026-03-13,AIF015,88.5,50.7,183111,98.6,86.9
2026-03-13,AIF016,43.9,73.1,49677,67.9,12.2
2026-03-13,AIF017,70.3,42.8,103959,64.2,50.2
2026-03-13,AIF018,68.8,43.8,128198,85.5,60.5
2026-03-13,AIF019,50.0,54.6,120101,62.9,38.1
2026-03-13,AIF020,56.0,50.5,67471,84.7,74.5
2026-03-13,AIF021,59.5,66.6,32628,78.1,21.5
2026-03-13,AIF022,76.8,36.1,38521,83.9,85.1
2026-03-13,AIF023,88.5,54.5,179484,79.4,13.7
2026-03-13,AIF024,90.8,49.0,49699,66.5,86.3
2026-03-13,AIF025,85.8,83.1,124711,93.7,8.6
2026-03-13,AIF026,84.3,57.6,153372,66.6,27.1
2026-03-13,AIF027,46.0,50.5,168465,93.7,31.4
2026-03-13,AIF028,90.0,74.1,74287,84.7,16.0
2026-03-13,AIF029,44.7,31.4,53088,68.6,12.1
2026-03-13,AIF030,83.8,74.9,76231,97.6,26.0
2026-03-13,AIF031,41.9,66.5,77432,64.5,46.5
2026-03-13,AIF032,55.1,62.7,167837,84.9,81.1
2026-03-13,AIF033,73.3,49.6,134359,72.1,8.1
2026-03-13,AIF034,67.7,53.1,110037,71.7,24.2
2026-03-13,AIF035,93.0,55.4,26211,76.0,69.4
2026-03-13,AIF036,58.5,26.9,92954,85.8,60.8
2026-03-14,AIF001,56.3,77.0,168827,73.7,62.3
2026-03-14,AIF002,68.4,53.5,20911,65.2,45.1
2026-03-14,AIF003,59.2,43.1,88121,73.3,47.1
2026-03-14,AIF004,90.3,69.6,46045,86.0,60.6
2026-03-14,AIF005,42.1,74.7,146292,97.3,31.8
2026-03-14,AIF006,83.4,34.4,30513,82.4,32.3
2026-03-14,AIF007,50.5,53.6,177903,80.6,82.8
2026-03-14,AIF008,44.0,23.4,150170,82.2,26.8
2026-03-14,AIF009,60.9,51.7,95428,70.0,36.6
2026-03-14,AIF010,55.4,42.0,20952,85.1,40.6
2026-03-14,AIF011,77.2,33.8,52173,67.0,37.2
2026-03-14,AIF012,45.9,67.3,154179,91.7,59.9
2026-03-14,AIF013,72.8,26.9,64288,70.3,68.9
2026-03-14,AIF014,89.2,41.1,126752,93.1,44.6
2026-03-14,AIF015,77.8,81.7,66481,78.5,70.7
2026-03-14,AIF016,92.3,62.2,62340,84.0,71.4
2026-03-14,AIF017,45.8,70.6,166117,63.5,53.5
2026-03-14,AIF018,76.3,38.2,71791,79.7,26.1
2026-03-14,AIF019,47.4,41.8,81217,79.0,11.9
2026-03-14,AIF020,81.5,47.9,82868,66.5,16.7
2026-03-14,AIF021,64.8,61.5,120829,70.0,58.3
2026-03-14,AIF022,78.6,44.7,150929,96.7,79.8
2026-03-14,AIF023,61.0,57.3,183242,63.3,13.7
2026-03-14,AIF024,88.4,71.1,161576,98.7,65.7
2026-03-14,AIF025,46.6,61.4,149904,94.9,34.4
2026-03-14,AIF026,42.8,38.2,23426,74.0,38.1
2026-03-14,AIF027,56.3,53.8,157499,88.4,81.0
2026-03-14,AIF028,60.5,38.1,145447,90.9,8.0
2026-03-14,AIF029,70.9,52.6,181877,80.9,31.3
2026-03-14,AIF030,55.3,29.5,141480,82.7,28.6
2026-03-14,AIF031,55.9,42.2,184671,64.7,29.0
2026-03-14,AIF032,63.8,39.7,17953,69.9,49.8
2026-03-14,AIF033,77.3,40.0,50579,80.0,52.6
2026-03-14,AIF034,79.1,30.0,57378,78.9,50.2
2026-03-14,AIF035,92.9,40.1,157142,81.5,78.3
2026-03-14,AIF036,58.6,26.4,60128,82.7,20.3
2026-03-15,AIF001,80.3,20.1,116488,76.1,23.0
2026-03-15,AIF002,68.7,62.4,172991,83.8,21.2
2026-03-15,AIF003,93.2,79.6,180928,91.0,78.3
2026-03-15,AIF004,78.7,39.7,104405,67.5,47.9
2026-03-15,AIF005,79.3,61.4,138559,78.4,22.3
2026-03-15,AIF006,60.8,39.7,167507,97.0,63.5
2026-03-15,AIF007,90.8,58.9,113849,77.8,14.2
2026-03-15,AIF008,48.1,44.0,25232,67.8,25.2
2026-03-15,AIF009,47.3,31.8,132089,83.5,10.7
2026-03-15,AIF010,81.7,19.6,25937,85.1,26.3
2026-03-15,AIF011,86.9,69.4,66378,72.7,90.8
2026-03-15,AIF012,80.8,68.6,175480,63.8,18.6
2026-03-15,AIF013,57.9,41.1,32384,65.2,15.7
2026-03-15,AIF014,68.3,33.3,110277,66.0,31.3
2026-03-15,AIF015,73.5,66.7,173466,84.7,82.7
2026-03-15,AIF016,72.2,68.0,157058,72.9,18.6
2026-03-15,AIF017,51.3,45.0,159392,87.9,51.2
2026-03-15,AIF018,70.1,26.8,58671,94.1,57.8
2026-03-15,AIF019,73.5,75.8,6573,68.4,69.1
2026-03-15,AIF020,80.3,45.3,39140,73.1,24.5
2026-03-15,AIF021,67.1,44.1,127458,93.0,91.0
2026-03-15,AIF022,46.5,71.4,7665,73.0,46.1
2026-03-15,AIF023,61.0,30.9,56187,92.0,50.6
2026-03-15,AIF024,50.9,77.0,122421,85.6,20.7
2026-03-15,AIF025,76.6,80.7,118969,64.6,14.7
2026-03-15,AIF026,68.4,29.6,167267,73.4,42.5
2026-03-15,AIF027,42.8,78.5,66488,66.0,93.8
2026-03-15,AIF028,71.5,25.4,156815,62.3,21.0
2026-03-15,AIF029,40.2,49.0,59250,67.9,61.6
2026-03-15,AIF030,94.7,53.5,137134,98.7,17.2
2026-03-15,AIF031,79.5,78.4,41613,67.4,91.5
2026-03-15,AIF032,75.8,62.1,65015,82.1,39.7
2026-03-15,AIF033,94.1,72.9,153471,71.4,34.1
2026-03-15,AIF034,48.7,77.3,130800,70.5,37.2
2026-03-15,AIF035,41.5,24.8,79200,81.3,53.1
2026-03-15,AIF036,44.8,39.8,56502,76.0,37.1
2026-03-16,AIF001,94.4,46.8,63335,64.4,66.0
2026-03-16,AIF002,76.3,46.2,91837,69.3,40.6
2026-03-16,AIF003,47.0,22.0,179056,66.8,56.6
2026-03-16,AIF004,52.1,57.0,77650,83.9,83.5
2026-03-16,AIF005,47.3,52.0,92696,65.2,34.5
2026-03-16,AIF006,87.5,65.8,59694,62.9,21.4
2026-03-16,AIF007,96.1,51.3,121424,75.2,45.3
2026-03-16,AIF008,86.7,20.9,54915,96.5,60.9
2026-03-16,AIF009,55.5,77.6,102690,69.4,46.5
2026-03-16,AIF010,86.8,68.7,59089,68.9,87.2
2026-03-16,AIF011,46.4,46.1,104703,87.1,19.5
2026-03-16,AIF012,57.7,58.8,52326,97.7,47.3
2026-03-16,AIF013,83.8,67.6,166713,71.9,64.4
2026-03-16,AIF014,80.5,63.1,31107,73.6,38.9
2026-03-16,AIF015,68.1,82.0,130294,93.9,76.2
2026-03-16,AIF016,55.9,79.1,59894,81.3,58.9
2026-03-16,AIF017,83.2,73.4,59841,79.2,29.1
2026-03-16,AIF018,70.4,66.1,3476,81.0,39.5
2026-03-16,AIF019,75.7,43.0,15221,69.2,29.5
2026-03-16,AIF020,49.7,33.5,91354,84.5,80.1
2026-03-16,AIF021,64.1,50.4,35828,82.0,50.6
2026-03-16,AIF022,88.0,27.4,10570,76.5,87.7
2026-03-16,AIF023,67.8,57.8,126999,79.7,84.9
2026-03-16,AIF024,90.2,73.8,33046,67.6,44.4
2026-03-16,AIF025,60.1,35.1,77859,70.1,85.9
2026-03-16,AIF026,67.8,66.5,52222,75.6,78.3
2026-03-16,AIF027,72.0,42.4,49812,88.7,22.7
2026-03-16,AIF028,58.9,75.3,13943,70.2,53.4
2026-03-16,AIF029,56.5,73.8,167811,77.4,11.3
2026-03-16,AIF030,56.1,41.9,59879,98.2,14.0
2026-03-16,AIF031,60.0,71.7,131258,89.8,39.6
2026-03-16,AIF032,61.6,63.2,97456,85.5,21.6
2026-03-16,AIF033,81.9,81.8,134200,63.3,66.3
2026-03-16,AIF034,67.2,63.2,67602,70.8,42.7
2026-03-16,AIF035,96.0,18.3,95925,67.9,59.4
2026-03-16,AIF036,74.8,57.9,156614,64.3,24.4
2026-03-17,AIF001,52.5,24.9,66358,78.9,37.4
2026-03-17,AIF002,55.8,73.9,98428,72.6,14.9
2026-03-17,AIF003,86.2,78.1,133063,74.7,16.6
2026-03-17,AIF004,90.2,48.9,107233,63.6,64.5
2026-03-17,AIF005,52.8,41.7,129809,63.0,43.6
2026-03-17,AIF006,88.4,81.3,55205,94.1,84.9
2026-03-17,AIF007,49.7,63.0,18613,81.9,30.3
2026-03-17,AIF008,76.6,33.3,169890,82.2,59.4
2026-03-17,AIF009,41.8,73.1,129217,67.2,42.3
2026-03-17,AIF010,68.5,53.0,134006,76.2,27.3
2026-03-17,AIF011,76.4,36.1,121654,65.0,92.2
2026-03-17,AIF012,63.6,70.4,144514,97.7,14.2
2026-03-17,AIF013,40.6,37.7,127055,89.2,14.3
2026-03-17,AIF014,41.2,34.8,125650,82.4,41.3
2026-03-17,AIF015,67.6,70.2,130337,74.9,34.2
2026-03-17,AIF016,95.5,55.7,24809,87.1,19.6
2026-03-17,AIF017,47.5,19.5,174358,72.2,55.4
2026-03-17,AIF018,60.4,67.9,47028,95.6,69.1
2026-03-17,AIF019,49.6,23.4,171756,64.7,45.3
2026-03-17,AIF020,43.6,57.3,111913,84.1,83.9
2026-03-17,AIF021,78.6,21.1,3735,83.1,53.5
2026-03-17,AIF022,44.5,33.1,9749,88.8,12.5
2026-03-17,AIF023,42.2,48.6,69230,97.6,51.3
2026-03-17,AIF024,82.3,27.8,114913,72.9,83.1
2026-03-17,AIF025,66.4,37.3,130189,97.9,26.1
2026-03-17,AIF026,60.7,23.0,27430,63.6,69.1
2026-03-17,AIF027,75.9,57.6,37459,95.1,76.9
2026-03-17,AIF028,77.9,31.1,69227,85.7,51.7
2026-03-17,AIF029,43.1,34.6,171915,92.3,68.6
2026-03-17,AIF030,63.8,80.8,142323,94.4,88.0
2026-03-17,AIF031,50.4,77.8,116200,64.4,31.5
2026-03-17,AIF032,91.1,28.3,87266,65.5,26.0
2026-03-17,AIF033,82.8,29.6,141833,68.7,84.2
2026-03-17,AIF034,72.5,74.8,15408,93.4,46.8
2026-03-17,AIF035,56.5,20.4,85754,92.9,51.0
2026-03-17,AIF036,44.2,64.5,31983,98.7,47.9
2026-03-18,AIF001,61.2,18.5,64027,70.3,8.4
2026-03-18,AIF002,66.2,29.4,101060,90.2,77.9
2026-03-18,AIF003,85.9,36.4,4491,69.9,50.8
2026-03-18,AIF004,96.6,66.9,66532,81.3,13.0
2026-03-18,AIF005,44.0,48.1,93443,92.1,54.3
2026-03-18,AIF006,43.2,66.0,161201,94.7,39.2
2026-03-18,AIF007,63.1,81.3,88912,69.3,9.1
2026-03-18,AIF008,95.6,62.4,147841,71.8,16.4
2026-03-18,AIF009,81.9,82.5,65413,66.6,14.4
2026-03-18,AIF010,64.4,44.5,79639,97.1,22.3
2026-03-18,AIF011,65.3,27.6,168085,76.7,23.3
2026-03-18,AIF012,70.9,57.5,58508,77.5,60.9
2026-03-18,AIF013,80.9,55.1,12173,76.6,27.7
2026-03-18,AIF014,68.1,69.2,105537,67.5,32.9
2026-03-18,AIF015,96.6,36.0,89322,86.9,67.4
2026-03-18,AIF016,56.0,26.5,151648,66.8,83.2
2026-03-18,AIF017,91.5,55.7,114921,66.7,81.9
2026-03-18,AIF018,50.5,71.2,82284,85.9,19.1
2026-03-18,AIF019,51.8,49.6,116170,88.2,84.1
2026-03-18,AIF020,93.1,76.0,97889,81.7,66.0
2026-03-18,AIF021,63.2,20.6,71400,72.8,16.6
2026-03-18,AIF022,82.9,59.7,11918,74.1,74.3
2026-03-18,AIF023,63.2,68.1,39168,90.4,38.9
2026-03-18,AIF024,43.7,75.8,114336,78.5,28.3
2026-03-18,AIF025,62.2,30.5,103149,76.8,92.5
2026-03-18,AIF026,47.5,78.0,137384,94.3,56.7
2026-03-18,AIF027,69.3,33.8,162438,63.5,10.2
2026-03-18,AIF028,91.1,45.4,41108,91.5,52.6
2026-03-18,AIF029,84.0,22.3,9995,80.8,63.9
2026-03-18,AIF030,74.3,38.7,53161,75.4,40.3
2026-03-18,AIF031,82.0,30.0,46965,73.3,72.2
2026-03-18,AIF032,44.8,26.1,104076,70.3,9.1
2026-03-18,AIF033,89.4,53.1,53144,79.4,45.5
2026-03-18,AIF034,50.0,25.2,64557,96.7,24.6
2026-03-18,AIF035,76.6,51.4,97246,94.2,87.6
2026-03-18,AIF036,72.7,34.1,103399,78.9,39.4
2026-03-19,AIF001,49.9,21.1,166040,63.5,36.5
2026-03-19,AIF002,64.7,77.8,184187,74.1,16.7
2026-03-19,AIF003,40.4,80.9,131743,98.0,69.6
2026-03-19,AIF004,87.9,45.8,42077,76.3,42.5
2026-03-19,AIF005,90.4,81.7,83544,84.9,58.1
2026-03-19,AIF006,82.5,19.0,77560,69.2,72.6
2026-03-19,AIF007,44.8,29.4,115428,65.7,69.9
2026-03-19,AIF008,45.1,48.7,124935,98.1,40.0
2026-03-19,AIF009,87.3,35.5,94602,90.9,47.8
2026-03-19,AIF010,44.9,20.6,17858,84.8,80.2
2026-03-19,AIF011,51.0,41.7,34475,97.1,35.5
2026-03-19,AIF012,53.0,78.7,119443,75.1,51.8
2026-03-19,AIF013,91.9,81.2,154172,92.6,48.1
2026-03-19,AIF014,90.9,56.3,24657,68.3,30.1
2026-03-19,AIF015,81.7,32.0,152547,97.0,12.8
2026-03-19,AIF016,82.0,43.6,130798,91.4,26.5
2026-03-19,AIF017,54.9,56.8,82350,62.7,46.2
2026-03-19,AIF018,79.8,31.3,86268,78.6,85.4
2026-03-19,AIF019,43.4,41.4,2766,83.4,64.2
2026-03-19,AIF020,80.7,79.3,126266,77.9,47.4
2026-03-19,AIF021,78.4,55.4,143686,72.4,46.4
2026-03-19,AIF022,64.6,22.2,14433,97.1,34.2
2026-03-19,AIF023,88.4,50.5,11205,95.8,61.2
2026-03-19,AIF024,80.0,18.7,169607,93.7,26.9
2026-03-19,AIF025,42.0,34.5,63028,79.0,33.3
2026-03-19,AIF026,77.4,73.2,90682,87.0,59.5
2026-03-19,AIF027,85.5,78.4,167181,66.5,54.1
2026-03-19,AIF028,46.5,70.6,74586,62.6,12.0
2026-03-19,AIF029,86.4,18.3,76071,78.9,19.3
2026-03-19,AIF030,48.8,70.7,45456,95.5,45.7
2026-03-19,AIF031,90.3,29.0,94201,92.2,46.8
2026-03-19,AIF032,59.9,70.5,163596,98.7,13.1
2026-03-19,AIF033,87.4,63.2,147373,93.0,50.3
2026-03-19,AIF034,72.9,36.0,2524,96.2,86.3
2026-03-19,AIF035,67.4,80.9,158031,82.7,93.3
2026-03-19,AIF036,91.6,24.6,99988,85.2,92.3
2026-03-20,AIF001,89.4,34.3,129586,89.2,62.2
2026-03-20,AIF002,46.3,68.5,105390,89.2,58.2
2026-03-20,AIF003,43.8,58.9,179741,93.8,16.9
2026-03-20,AIF004,44.8,69.2,136539,64.7,9.3
2026-03-20,AIF005,87.0,46.4,19488,65.2,20.0
2026-03-20,AIF006,60.8,48.6,168216,62.4,23.2
2026-03-20,AIF007,58.6,70.3,61802,79.0,55.7
2026-03-20,AIF008,46.5,27.3,8253,88.2,65.1
2026-03-20,AIF009,70.4,65.9,61756,84.8,18.6
2026-03-20,AIF010,93.5,83.4,6764,91.4,54.2
2026-03-20,AIF011,88.5,82.3,85889,91.7,58.5
2026-03-20,AIF012,83.4,80.8,86726,62.2,76.5
2026-03-20,AIF013,61.0,23.7,130859,64.1,45.1
2026-03-20,AIF014,59.4,53.1,51471,88.6,84.2
2026-03-20,AIF015,85.1,32.4,152444,96.0,40.1
2026-03-20,AIF016,83.6,68.8,115864,73.0,55.7
2026-03-20,AIF017,56.4,22.2,65622,79.7,70.9
2026-03-20,AIF018,55.5,67.7,58580,90.5,53.7
2026-03-20,AIF019,47.5,29.1,25884,68.1,20.0
2026-03-20,AIF020,78.1,19.3,54593,81.9,87.9
2026-03-20,AIF021,96.8,40.9,112029,92.2,45.2
2026-03-20,AIF022,63.4,26.6,9824,93.3,51.8
2026-03-20,AIF023,65.4,22.7,130296,81.9,19.8
2026-03-20,AIF024,90.4,51.3,86751,79.4,14.5
2026-03-20,AIF025,55.7,76.7,126032,94.8,69.3
2026-03-20,AIF026,51.4,57.2,8983,85.7,80.7
2026-03-20,AIF027,57.3,56.4,104690,80.3,77.4
2026-03-20,AIF028,43.4,44.4,18593,93.6,68.3
2026-03-20,AIF029,82.3,23.5,81116,80.4,23.8
2026-03-20,AIF030,58.2,58.7,59830,83.9,42.4
2026-03-20,AIF031,79.6,45.8,67075,80.3,78.2
2026-03-20,AIF032,44.5,82.4,162100,84.3,16.5
2026-03-20,AIF033,70.8,63.9,74392,80.0,90.2
2026-03-20,AIF034,85.2,28.1,106171,97.5,50.4
2026-03-20,AIF035,47.1,34.3,56009,88.7,79.9
2026-03-20,AIF036,55.4,56.7,168929,62.5,65.5
2026-03-21,AIF001,83.4,50.6,85982,88.8,16.7
2026-03-21,AIF002,94.3,20.8,27697,70.8,73.4
2026-03-21,AIF003,56.1,37.1,125706,86.5,25.6
2026-03-21,AIF004,78.1,62.4,19998,79.0,92.4
2026-03-21,AIF005,71.7,69.8,158653,79.0,77.2
2026-03-21,AIF006,79.2,71.4,63959,79.1,90.7
2026-03-21,AIF007,61.8,57.3,135736,82.1,83.5
2026-03-21,AIF008,61.4,71.0,93525,68.8,71.2
2026-03-21,AIF009,55.6,39.0,61658,83.1,68.3
2026-03-21,AIF010,80.4,80.7,169377,67.9,64.9
2026-03-21,AIF011,76.0,80.3,154206,90.8,32.6
2026-03-21,AIF012,61.9,19.0,28138,65.2,22.7
2026-03-21,AIF013,44.0,34.5,113364,81.2,23.2
2026-03-21,AIF014,82.5,27.2,145596,97.4,9.9
2026-03-21,AIF015,62.1,69.8,57467,95.4,8.8
2026-03-21,AIF016,63.9,82.4,173856,87.1,75.1
2026-03-21,AIF017,86.4,25.7,119809,66.6,62.5
2026-03-21,AIF018,92.8,82.7,61705,66.8,19.6
2026-03-21,AIF019,95.9,67.5,69616,88.0,42.6
2026-03-21,AIF020,75.7,65.8,126371,81.0,40.3
2026-03-21,AIF021,55.0,20.6,27364,79.8,8.6
2026-03-21,AIF022,82.9,29.8,152226,82.8,59.6
2026-03-21,AIF023,55.1,56.7,183659,80.2,55.9
2026-03-21,AIF024,51.6,18.9,61023,92.9,82.2
2026-03-21,AIF025,85.5,57.5,71057,83.2,10.2
2026-03-21,AIF026,62.0,38.0,161389,97.3,35.7
2026-03-21,AIF027,59.6,56.8,115985,88.5,29.3
2026-03-21,AIF028,56.2,51.9,3104,71.8,32.5
2026-03-21,AIF029,52.7,23.0,77926,77.5,94.0
2026-03-21,AIF030,52.0,51.4,163205,70.2,68.2
2026-03-21,AIF031,44.3,72.9,26034,75.6,72.3
2026-03-21,AIF032,77.2,44.7,94479,87.1,91.7
2026-03-21,AIF033,62.6,20.3,12153,94.4,20.2
2026-03-21,AIF034,88.8,74.0,169448,77.1,67.2
2026-03-21,AIF035,55.5,73.0,80399,95.1,64.8
2026-03-21,AIF036,47.4,24.3,15957,88.0,82.6
2026-03-22,AIF001,81.0,46.6,47356,74.5,67.3
2026-03-22,AIF002,49.0,26.8,97062,83.3,43.2
2026-03-22,AIF003,81.4,45.4,100841,83.3,21.2
2026-03-22,AIF004,80.6,26.3,167409,77.1,39.1
2026-03-22,AIF005,81.4,64.9,145992,62.0,38.2
2026-03-22,AIF006,81.2,41.7,63500,80.2,33.4
2026-03-22,AIF007,65.1,76.9,31870,81.8,28.4
2026-03-22,AIF008,83.1,50.0,108660,68.0,26.9
2026-03-22,AIF009,57.8,56.4,87634,78.6,78.9
2026-03-22,AIF010,45.0,32.3,108315,65.3,89.2
2026-03-22,AIF011,81.2,76.0,177361,94.6,91.5
2026-03-22,AIF012,88.0,75.1,69152,88.0,44.2
2026-03-22,AIF013,60.1,48.0,17689,87.9,44.0
2026-03-22,AIF014,77.8,34.4,133904,98.4,20.3
2026-03-22,AIF015,41.8,38.7,18264,86.2,73.2
2026-03-22,AIF016,45.2,60.2,21805,95.5,92.8
2026-03-22,AIF017,82.4,64.3,168314,98.4,12.0
2026-03-22,AIF018,91.1,55.4,171335,82.2,74.9
2026-03-22,AIF019,80.0,53.2,148466,81.9,15.9
2026-03-22,AIF020,42.9,54.2,22280,92.2,19.6
2026-03-22,AIF021,46.0,33.1,97898,94.4,15.7
2026-03-22,AIF022,62.5,36.2,23747,74.2,56.6
2026-03-22,AIF023,94.3,47.4,3685,82.2,44.1
2026-03-22,AIF024,66.6,43.6,64652,95.0,36.8
2026-03-22,AIF025,78.7,20.8,39665,83.6,85.8
2026-03-22,AIF026,92.2,82.7,133659,92.5,78.4
2026-03-22,AIF027,86.1,28.9,42427,66.6,93.8
2026-03-22,AIF028,68.5,30.7,131925,81.6,15.2
2026-03-22,AIF029,51.3,69.2,34177,80.1,8.6
2026-03-22,AIF030,67.3,20.1,70281,92.8,68.1
2026-03-22,AIF031,88.0,62.2,46308,76.5,84.3
2026-03-22,AIF032,54.7,63.7,66374,75.2,50.8
2026-03-22,AIF033,80.8,41.8,77469,71.2,21.8
2026-03-22,AIF034,40.0,43.7,55554,98.4,64.2
2026-03-22,AIF035,88.7,37.6,91969,78.5,48.5
2026-03-22,AIF036,78.3,21.9,29753,93.6,10.1
2026-03-23,AIF001,78.7,39.8,165617,63.7,87.8
2026-03-23,AIF002,51.1,34.1,184619,67.1,8.0
2026-03-23,AIF003,91.6,30.6,167065,97.4,21.1
2026-03-23,AIF004,44.6,31.2,170763,69.8,83.5
2026-03-23,AIF005,83.0,45.3,78265,92.9,44.0
2026-03-23,AIF006,78.5,71.1,103035,87.6,81.4
2026-03-23,AIF007,58.0,83.9,127784,80.5,16.8
2026-03-23,AIF008,45.3,26.2,178196,84.4,9.3
2026-03-23,AIF009,50.1,44.7,71905,85.1,30.3
2026-03-23,AIF010,66.4,75.6,116865,64.7,80.6
2026-03-23,AIF011,71.7,44.0,92370,73.9,26.1
2026-03-23,AIF012,71.0,26.8,176780,70.5,69.4
2026-03-23,AIF013,76.3,51.7,35446,67.4,13.5
2026-03-23,AIF014,60.2,24.3,177522,96.2,37.9
2026-03-23,AIF015,47.3,36.9,128485,80.4,62.1
2026-03-23,AIF016,76.1,75.4,71721,89.9,18.5
2026-03-23,AIF017,94.9,58.3,19250,80.3,85.3
2026-03-23,AIF018,88.4,21.6,7510,89.8,22.1
2026-03-23,AIF019,89.7,67.7,153310,87.6,55.0
2026-03-23,AIF020,73.0,49.1,172959,65.2,34.3
2026-03-23,AIF021,47.2,27.3,148200,82.5,52.7
2026-03-23,AIF022,74.6,55.1,14960,62.6,81.1
2026-03-23,AIF023,56.9,21.8,95013,97.4,14.7
2026-03-23,AIF024,60.1,42.1,113562,84.2,65.9
2026-03-23,AIF025,58.9,55.8,173547,72.3,42.3
2026-03-23,AIF026,74.9,72.3,125870,62.9,22.7
2026-03-23,AIF027,89.1,38.6,43673,72.2,45.0
2026-03-23,AIF028,58.5,47.8,84054,68.5,77.7
2026-03-23,AIF029,50.9,60.9,63312,69.3,77.0
2026-03-23,AIF030,68.9,39.7,120780,98.9,38.7
2026-03-23,AIF031,58.2,58.4,165499,93.1,69.1
2026-03-23,AIF032,92.4,63.6,23096,90.1,15.3
2026-03-23,AIF033,56.4,76.5,145603,86.8,45.3
2026-03-23,AIF034,87.1,61.7,161971,70.5,19.0
2026-03-23,AIF035,70.9,66.4,16832,69.5,10.7
2026-03-23,AIF036,72.5,43.6,145143,71.4,58.7
2026-03-24,AIF001,74.0,82.8,97803,89.8,43.1
2026-03-24,AIF002,41.4,54.5,59915,71.2,68.1
2026-03-24,AIF003,64.5,65.0,54568,91.3,77.0
2026-03-24,AIF004,73.6,60.7,2667,97.7,28.7
2026-03-24,AIF005,71.7,27.5,150804,89.4,58.2
2026-03-24,AIF006,72.3,75.6,87091,71.8,24.1
2026-03-24,AIF007,87.8,76.6,124680,81.3,37.6
2026-03-24,AIF008,83.6,70.7,104782,95.4,19.3
2026-03-24,AIF009,86.3,50.4,45631,89.2,50.7
2026-03-24,AIF010,67.9,46.8,147463,79.7,22.3
2026-03-24,AIF011,76.2,33.1,15498,76.1,26.7
2026-03-24,AIF012,82.6,70.4,83866,87.0,46.3
2026-03-24,AIF013,90.2,19.3,119239,90.8,45.1
2026-03-24,AIF014,48.5,66.9,18151,96.8,32.8
2026-03-24,AIF015,56.1,20.3,63408,71.8,86.9
2026-03-24,AIF016,74.0,73.5,88402,91.1,53.3
2026-03-24,AIF017,53.8,71.3,148431,77.2,41.7
2026-03-24,AIF018,46.9,22.2,127999,62.5,24.2
2026-03-24,AIF019,73.6,39.9,27629,79.4,76.9
2026-03-24,AIF020,40.5,70.3,34853,80.7,87.9
2026-03-24,AIF021,78.0,46.2,53865,88.6,91.4
2026-03-24,AIF022,64.8,52.6,1950,87.9,18.9
2026-03-24,AIF023,70.2,53.7,175743,82.8,43.5
2026-03-24,AIF024,46.8,22.2,7565,89.2,51.8
2026-03-24,AIF025,82.4,68.8,16713,70.0,42.7
2026-03-24,AIF026,75.1,20.4,156345,75.7,14.2
2026-03-24,AIF027,54.5,34.6,140220,83.9,58.3
2026-03-24,AIF028,90.5,22.5,11939,78.5,87.4
2026-03-24,AIF029,91.9,65.8,171130,66.0,35.6
2026-03-24,AIF030,51.9,34.8,85658,84.1,22.8
2026-03-24,AIF031,79.7,29.5,128827,92.3,90.3
2026-03-24,AIF032,65.9,49.5,79860,85.8,13.2
2026-03-24,AIF033,67.6,45.8,81507,91.3,89.3
2026-03-24,AIF034,85.1,79.8,49377,69.1,78.4
2026-03-24,AIF035,62.9,57.6,140755,78.0,77.2
2026-03-24,AIF036,41.0,69.3,123408,96.6,33.3
2026-03-25,AIF001,66.2,83.6,91246,86.4,74.4
2026-03-25,AIF002,74.2,40.7,123950,85.2,73.7
2026-03-25,AIF003,68.1,81.1,30951,97.7,35.5
2026-03-25,AIF004,42.9,79.1,77860,68.2,57.4
2026-03-25,AIF005,45.6,22.0,80458,81.9,92.5
2026-03-25,AIF006,57.4,56.5,106494,78.5,92.6
2026-03-25,AIF007,91.0,35.2,13303,74.5,70.9
2026-03-25,AIF008,94.8,24.1,4796,87.9,71.7
2026-03-25,AIF009,72.3,43.0,9304,74.6,18.3
2026-03-25,AIF010,73.1,18.8,55601,74.5,29.8
2026-03-25,AIF011,50.9,56.5,139940,90.0,85.8
2026-03-25,AIF012,68.8,69.2,55122,71.2,58.5
2026-03-25,AIF013,48.5,42.3,74374,90.0,74.8
2026-03-25,AIF014,64.7,26.2,17930,97.9,61.0
2026-03-25,AIF015,86.3,72.6,87726,95.7,35.0
2026-03-25,AIF016,70.8,70.5,54419,78.4,55.4
2026-03-25,AIF017,84.3,49.8,183248,64.0,36.1
2026-03-25,AIF018,69.9,52.7,99921,91.1,27.4
2026-03-25,AIF019,61.4,44.4,79183,67.8,54.1
2026-03-25,AIF020,93.8,78.9,167637,78.3,13.7
2026-03-25,AIF021,92.7,56.6,147015,74.8,90.1
2026-03-25,AIF022,91.1,78.8,74518,73.8,29.0
2026-03-25,AIF023,60.9,59.0,146935,86.8,62.4
2026-03-25,AIF024,83.9,30.4,115544,73.9,88.2
2026-03-25,AIF025,46.2,73.2,21095,93.8,50.8
2026-03-25,AIF026,87.2,33.7,140244,90.7,73.8
2026-03-25,AIF027,70.6,79.9,126115,89.8,15.3
2026-03-25,AIF028,95.9,24.6,140333,63.8,31.1
2026-03-25,AIF029,69.9,67.7,70546,64.5,84.1
2026-03-25,AIF030,84.0,35.1,98906,95.7,89.0
2026-03-25,AIF031,76.8,35.2,57001,89.4,22.3
2026-03-25,AIF032,58.8,38.7,2021,71.2,84.1
2026-03-25,AIF033,72.2,45.5,65003,90.1,21.5
2026-03-25,AIF034,73.1,48.3,126472,78.0,77.1
2026-03-25,AIF035,66.4,19.8,176354,71.3,83.7
2026-03-25,AIF036,52.2,51.6,27426,65.5,20.7
2026-03-26,AIF001,55.4,19.8,35825,75.1,39.5
2026-03-26,AIF002,65.7,74.8,128617,80.8,45.8
2026-03-26,AIF003,48.6,70.4,88108,86.2,83.2
2026-03-26,AIF004,74.2,50.2,35358,62.4,64.7
2026-03-26,AIF005,93.4,34.0,93795,64.3,80.7
2026-03-26,AIF006,58.4,26.2,31056,64.7,52.0
2026-03-26,AIF007,64.7,48.0,47480,64.0,89.9
2026-03-26,AIF008,57.6,68.3,68221,64.6,37.6
2026-03-26,AIF009,64.4,20.8,65955,88.2,62.0
2026-03-26,AIF010,77.8,32.1,102968,62.2,34.5
2026-03-26,AIF011,49.7,44.4,10364,68.3,15.7
2026-03-26,AIF012,55.9,27.6,127646,68.7,73.5
2026-03-26,AIF013,93.6,19.2,122325,73.0,10.6
2026-03-26,AIF014,88.1,36.9,91242,76.8,74.1
2026-03-26,AIF015,54.4,31.1,23269,93.6,14.9
2026-03-26,AIF016,75.4,26.2,4765,81.6,69.7
2026-03-26,AIF017,53.7,40.8,128274,85.9,63.9
2026-03-26,AIF018,72.4,65.7,19432,80.6,25.9
2026-03-26,AIF019,93.9,60.5,78860,68.6,27.0
2026-03-26,AIF020,70.4,83.9,158338,93.7,52.9
2026-03-26,AIF021,77.0,74.0,84103,87.2,36.0
2026-03-26,AIF022,43.1,44.8,55157,62.0,66.6
2026-03-26,AIF023,43.8,32.2,172777,74.0,64.2
2026-03-26,AIF024,63.4,23.9,59748,79.7,46.7
2026-03-26,AIF025,55.4,76.7,28804,69.4,75.4
2026-03-26,AIF026,91.7,61.4,9848,89.6,24.2
2026-03-26,AIF027,77.5,38.2,60775,86.9,31.5
2026-03-26,AIF028,82.1,51.4,179274,70.1,28.7
2026-03-26,AIF029,54.2,19.0,29160,68.7,10.1
2026-03-26,AIF030,92.3,49.0,179749,67.9,23.4
2026-03-26,AIF031,40.8,70.3,93071,94.3,37.4
2026-03-26,AIF032,73.3,34.4,93854,83.4,69.9
2026-03-26,AIF033,43.5,56.7,5143,98.9,67.6
2026-03-26,AIF034,51.8,78.8,153294,92.2,13.3
2026-03-26,AIF035,53.4,68.1,151735,90.3,23.2
2026-03-26,AIF036,83.5,61.5,81557,94.5,82.9
2026-03-27,AIF001,46.0,71.8,104374,65.3,89.4
2026-03-27,AIF002,65.3,78.2,133374,98.6,64.6
2026-03-27,AIF003,78.5,49.0,174812,77.9,58.6
2026-03-27,AIF004,41.5,50.0,56963,68.0,87.3
2026-03-27,AIF005,46.3,79.8,2614,95.3,60.3
2026-03-27,AIF006,43.8,59.5,25592,68.8,79.4
2026-03-27,AIF007,94.1,78.6,117420,90.5,87.8
2026-03-27,AIF008,87.0,22.9,6682,64.6,33.0
2026-03-27,AIF009,47.7,48.2,133037,70.1,58.9
2026-03-27,AIF010,82.4,41.1,16638,94.4,68.1
2026-03-27,AIF011,59.8,51.9,177090,74.5,85.7
2026-03-27,AIF012,67.7,49.0,84403,64.3,47.8
2026-03-27,AIF013,48.4,63.9,15257,69.0,84.4
2026-03-27,AIF014,67.7,51.4,183878,63.7,24.2
2026-03-27,AIF015,88.7,67.9,141223,75.9,55.0
2026-03-27,AIF016,91.5,44.8,36309,84.6,18.3
2026-03-27,AIF017,68.3,20.2,76073,84.5,61.0
2026-03-27,AIF018,48.7,26.8,20685,69.9,79.9
2026-03-27,AIF019,46.5,81.3,57904,71.8,91.9
2026-03-27,AIF020,41.1,50.1,55050,71.8,17.7
2026-03-27,AIF021,81.6,59.8,26077,74.2,85.6
2026-03-27,AIF022,55.6,24.0,90213,98.7,13.9
2026-03-27,AIF023,40.7,42.1,80359,92.7,80.5
2026-03-27,AIF024,81.6,22.0,76695,89.0,16.7
2026-03-27,AIF025,73.8,53.1,92515,92.8,60.9
2026-03-27,AIF026,63.4,64.8,5335,79.9,42.7
2026-03-27,AIF027,82.6,32.0,129097,69.7,59.8
2026-03-27,AIF028,40.0,54.0,76881,75.0,87.5
2026-03-27,AIF029,49.0,39.7,96137,73.3,26.2
2026-03-27,AIF030,68.7,67.2,168649,97.4,31.3
2026-03-27,AIF031,71.2,57.5,61618,70.8,93.9
2026-03-27,AIF032,57.6,33.5,120963,86.0,12.9
2026-03-27,AIF033,62.4,79.6,16018,92.8,26.3
2026-03-27,AIF034,91.5,69.9,96275,85.2,44.8
2026-03-27,AIF035,63.3,32.3,169335,82.5,43.7
2026-03-27,AIF036,79.6,73.0,67977,90.6,68.8
2026-03-28,AIF001,79.0,21.2,52903,79.7,14.6
2026-03-28,AIF002,42.6,50.7,118142,81.5,19.8
2026-03-28,AIF003,69.0,35.9,35179,94.7,90.4
2026-03-28,AIF004,42.3,35.2,156436,63.4,41.7
2026-03-28,AIF005,42.5,42.1,79436,75.4,49.1
2026-03-28,AIF006,95.4,40.1,102895,89.3,59.4
2026-03-28,AIF007,49.6,30.3,59948,69.0,45.7
2026-03-28,AIF008,62.2,48.5,81769,96.4,14.1
2026-03-28,AIF009,43.4,62.2,60245,64.3,31.3
2026-03-28,AIF010,48.4,62.1,76515,81.2,33.8
2026-03-28,AIF011,70.5,78.0,118464,85.9,62.3
2026-03-28,AIF012,61.4,35.4,83409,70.2,22.1
2026-03-28,AIF013,86.9,37.8,139437,96.6,62.9
2026-03-28,AIF014,56.0,42.5,138380,64.1,32.4
2026-03-28,AIF015,59.0,76.8,111601,87.2,46.4
2026-03-28,AIF016,45.8,53.0,94148,64.4,10.4
2026-03-28,AIF017,61.0,62.9,54874,66.3,25.7
2026-03-28,AIF018,45.3,40.9,55474,95.1,49.6
2026-03-28,AIF019,60.3,23.3,81244,78.6,86.9
2026-03-28,AIF020,42.7,26.7,11776,71.2,70.4
2026-03-28,AIF021,61.8,74.0,149176,76.3,18.4
2026-03-28,AIF022,54.3,56.4,60449,72.6,62.0
2026-03-28,AIF023,73.5,51.6,165839,81.8,19.7
2026-03-28,AIF024,87.0,51.2,168407,97.7,22.0
2026-03-28,AIF025,51.1,33.4,64442,66.4,40.3
2026-03-28,AIF026,91.7,60.4,28272,98.4,40.7
2026-03-28,AIF027,44.2,36.3,170404,91.0,53.5
2026-03-28,AIF028,89.3,70.7,19509,89.6,86.9
2026-03-28,AIF029,58.3,23.4,47014,98.0,84.4
2026-03-28,AIF030,71.5,66.7,114342,70.6,67.9
2026-03-28,AIF031,94.4,21.2,36260,79.9,17.9
2026-03-28,AIF032,60.6,77.6,82052,79.7,38.5
2026-03-28,AIF033,44.8,35.7,124887,66.0,16.6
2026-03-28,AIF034,47.8,68.5,120421,62.4,57.6
2026-03-28,AIF035,56.4,41.7,159942,73.8,62.8
2026-03-28,AIF036,43.4,73.4,105782,83.9,79.1
2026-03-29,AIF001,43.0,47.2,160491,63.2,17.2
2026-03-29,AIF002,77.7,79.9,30061,88.8,67.3
2026-03-29,AIF003,71.9,39.4,6955,94.3,68.4
2026-03-29,AIF004,79.8,38.3,64245,93.6,14.3
2026-03-29,AIF005,59.3,63.6,163430,75.9,59.5
2026-03-29,AIF006,79.3,79.3,170660,96.9,55.3
2026-03-29,AIF007,40.8,55.8,107035,81.5,36.2
2026-03-29,AIF008,51.8,43.4,155550,76.8,17.7
2026-03-29,AIF009,40.1,31.4,110340,70.0,17.5
2026-03-29,AIF010,67.4,60.8,54656,94.5,26.9
2026-03-29,AIF011,51.9,50.7,105785,64.9,54.0
2026-03-29,AIF012,95.0,62.0,79113,94.2,27.9
2026-03-29,AIF013,45.6,58.5,30414,88.9,39.1
2026-03-29,AIF014,81.2,21.0,127763,86.3,70.3
2026-03-29,AIF015,63.9,25.5,66138,77.1,82.6
2026-03-29,AIF016,80.4,39.9,98771,92.5,84.3
2026-03-29,AIF017,45.9,83.4,61768,72.5,67.0
2026-03-29,AIF018,41.0,56.1,72370,86.3,63.6
2026-03-29,AIF019,84.9,29.4,167718,62.3,93.6
2026-03-29,AIF020,93.1,79.4,36493,91.7,59.5
2026-03-29,AIF021,83.5,62.2,46407,73.3,80.2
2026-03-29,AIF022,75.6,34.4,184010,76.6,58.8
2026-03-29,AIF023,61.2,35.6,43552,71.6,75.2
2026-03-29,AIF024,86.9,76.4,81089,86.8,22.3
2026-03-29,AIF025,75.1,43.0,109363,78.6,65.6
2026-03-29,AIF026,47.5,40.2,110221,89.9,49.2
2026-03-29,AIF027,66.2,23.5,138610,86.6,46.5
2026-03-29,AIF028,45.3,83.1,14140,68.7,75.3
2026-03-29,AIF029,80.2,42.9,49343,97.8,46.5
2026-03-29,AIF030,41.4,32.6,95695,82.6,84.0
2026-03-29,AIF031,85.9,24.7,9222,81.5,72.6
2026-03-29,AIF032,55.7,44.2,96355,92.1,83.6
2026-03-29,AIF033,54.3,53.3,177278,73.2,81.3
2026-03-29,AIF034,59.5,79.7,30647,90.5,80.1
2026-03-29,AIF035,79.0,37.7,69838,89.6,32.5
2026-03-29,AIF036,56.8,78.3,124972,75.9,74.2
2026-03-30,AIF001,57.2,55.9,56117,71.2,83.8
2026-03-30,AIF002,90.6,40.5,72295,91.6,79.9
2026-03-30,AIF003,90.6,66.3,149002,87.5,35.2
2026-03-30,AIF004,64.2,53.0,180208,96.6,45.6
2026-03-30,AIF005,75.0,79.4,68239,72.5,25.7
2026-03-30,AIF006,79.4,22.8,59990,88.9,92.5
2026-03-30,AIF007,43.2,19.7,170184,74.8,75.9
2026-03-30,AIF008,93.1,53.8,29378,98.8,10.2
2026-03-30,AIF009,56.5,78.0,157032,93.6,71.5
2026-03-30,AIF010,77.9,59.6,119879,77.9,48.8
2026-03-30,AIF011,40.5,27.3,74959,70.4,41.7
2026-03-30,AIF012,96.4,65.8,65496,64.9,83.1
2026-03-30,AIF013,94.0,26.1,27823,89.0,43.4
2026-03-30,AIF014,78.9,35.1,137640,94.6,84.9
2026-03-30,AIF015,93.1,81.5,182166,87.5,77.8
2026-03-30,AIF016,80.5,40.3,107764,64.7,22.2
2026-03-30,AIF017,63.3,44.2,9495,89.4,47.7
2026-03-30,AIF018,68.7,52.9,37178,67.4,93.4
2026-03-30,AIF019,73.2,55.1,108133,86.2,59.6
2026-03-30,AIF020,59.4,83.0,131560,62.2,53.9
2026-03-30,AIF021,51.8,56.9,175178,79.5,68.6
2026-03-30,AIF022,55.5,66.0,101019,93.1,88.3
2026-03-30,AIF023,91.3,31.7,98020,96.6,29.6
2026-03-30,AIF024,95.5,56.7,79757,66.0,23.4
2026-03-30,AIF025,62.2,21.0,129360,89.8,58.8
2026-03-30,AIF026,70.0,49.2,64293,63.9,24.2
2026-03-30,AIF027,77.4,46.3,53742,84.0,43.5
2026-03-30,AIF028,60.0,82.2,166553,75.6,37.6
2026-03-30,AIF029,64.6,59.4,82589,62.3,11.4
2026-03-30,AIF030,92.8,29.9,156826,62.5,55.1
2026-03-30,AIF031,42.5,67.5,16937,64.2,38.7
2026-03-30,AIF032,72.9,77.0,16458,94.4,27.2
2026-03-30,AIF033,52.7,52.8,33524,92.1,36.2
2026-03-30,AIF034,49.3,36.6,168864,62.6,89.4
2026-03-30,AIF035,59.0,76.3,48843,96.9,16.9
2026-03-30,AIF036,86.7,45.4,156422,87.9,61.9
2026-03-31,AIF001,64.8,38.9,152701,70.3,55.4
2026-03-31,AIF002,82.0,39.8,172921,75.3,12.1
2026-03-31,AIF003,40.7,50.9,59542,90.5,80.2
2026-03-31,AIF004,59.5,18.6,81741,65.1,92.2
2026-03-31,AIF005,83.4,79.5,12174,87.6,43.3
2026-03-31,AIF006,71.9,42.8,168081,73.9,77.3
2026-03-31,AIF007,40.5,74.2,184837,64.6,52.7
2026-03-31,AIF008,64.9,72.6,169331,69.8,50.0
2026-03-31,AIF009,86.0,54.3,30191,87.6,37.9
2026-03-31,AIF010,74.6,35.8,172463,78.6,46.3
2026-03-31,AIF011,93.0,77.0,156427,81.1,76.4
2026-03-31,AIF012,43.9,80.0,101806,92.4,56.0
2026-03-31,AIF013,75.9,55.4,118679,73.8,34.1
2026-03-31,AIF014,42.0,69.3,136950,85.8,57.3
2026-03-31,AIF015,64.1,62.2,4031,65.8,64.6
2026-03-31,AIF016,59.5,53.8,68342,77.0,73.8
2026-03-31,AIF017,52.8,25.5,93484,81.1,59.4
2026-03-31,AIF018,68.3,60.0,15108,93.4,38.8
2026-03-31,AIF019,44.8,22.5,77138,81.5,46.0
2026-03-31,AIF020,45.6,44.5,62180,92.4,93.3
2026-03-31,AIF021,64.9,72.9,41140,86.9,68.6
2026-03-31,AIF022,74.5,81.1,3605,74.0,8.5
2026-03-31,AIF023,69.4,37.3,68640,71.5,13.5
2026-03-31,AIF024,52.3,22.1,151536,80.2,53.9
2026-03-31,AIF025,45.0,73.7,164128,89.9,89.3
2026-03-31,AIF026,81.2,57.9,97236,91.5,90.8
2026-03-31,AIF027,66.1,56.2,66001,97.2,65.3
2026-03-31,AIF028,66.1,55.3,66569,82.6,30.8
2026-03-31,AIF029,58.4,27.5,38781,70.4,38.2
2026-03-31,AIF030,72.8,48.4,163673,98.2,55.9
2026-03-31,AIF031,46.2,21.0,106248,71.1,10.3
2026-03-31,AIF032,93.9,64.9,154792,85.6,23.8
2026-03-31,AIF033,65.8,73.1,13810,76.7,27.3
2026-03-31,AIF034,59.2,63.1,140050,70.4,10.9
2026-03-31,AIF035,42.8,64.0,69611,63.0,41.4
2026-03-31,AIF036,71.5,25.9,123959,66.2,87.5
2026-04-01,AIF001,85.1,80.0,11997,97.8,21.2
2026-04-01,AIF002,50.9,43.2,182491,76.5,23.6
2026-04-01,AIF003,61.9,80.8,143717,89.2,60.0
2026-04-01,AIF004,89.0,58.1,98017,62.1,12.6
2026-04-01,AIF005,55.9,65.4,20230,95.6,51.0
2026-04-01,AIF006,71.1,39.7,95909,64.1,9.4
2026-04-01,AIF007,41.0,35.0,120761,74.0,70.9
2026-04-01,AIF008,64.3,61.1,130368,95.6,28.7
2026-04-01,AIF009,89.8,65.7,3645,97.2,62.3
2026-04-01,AIF010,59.7,58.5,165164,89.7,25.4
2026-04-01,AIF011,50.6,58.4,49544,94.4,47.2
2026-04-01,AIF012,69.5,80.7,43617,84.5,61.5
2026-04-01,AIF013,40.3,83.9,139819,73.8,42.7
2026-04-01,AIF014,52.4,42.0,58519,92.9,24.2
2026-04-01,AIF015,76.6,23.5,46826,64.2,9.1
2026-04-01,AIF016,73.1,40.4,45248,69.7,88.7
2026-04-01,AIF017,74.1,30.6,116398,78.8,65.3
2026-04-01,AIF018,60.6,79.9,31284,68.0,29.2
2026-04-01,AIF019,47.7,61.2,49465,94.6,48.7
2026-04-01,AIF020,43.4,58.2,49626,62.3,31.8
2026-04-01,AIF021,64.0,48.0,128511,95.6,77.0
2026-04-01,AIF022,64.6,32.4,92974,86.8,82.9
2026-04-01,AIF023,44.6,81.2,151396,78.8,54.4
2026-04-01,AIF024,61.0,80.3,79336,78.5,50.1
2026-04-01,AIF025,84.5,45.3,29331,86.3,56.9
2026-04-01,AIF026,86.9,78.2,175092,81.3,28.6
2026-04-01,AIF027,71.2,67.3,16920,87.5,29.4
2026-04-01,AIF028,47.1,20.5,134283,90.8,62.1
2026-04-01,AIF029,88.4,57.6,94559,77.8,73.3
2026-04-01,AIF030,45.6,82.4,168842,80.2,68.0
2026-04-01,AIF031,94.8,29.1,121160,68.7,26.9
2026-04-01,AIF032,93.2,26.6,161154,76.0,90.7
2026-04-01,AIF033,46.0,23.2,128972,95.7,46.5
2026-04-01,AIF034,67.3,56.3,30293,86.1,47.2
2026-04-01,AIF035,49.9,28.9,103154,86.7,36.6
2026-04-01,AIF036,59.0,50.4,68858,92.0,42.6
2026-04-02,AIF001,77.8,32.2,101014,94.5,79.1
2026-04-02,AIF002,76.4,33.7,13105,84.2,90.7
2026-04-02,AIF003,83.6,57.9,5236,93.2,92.9
2026-04-02,AIF004,81.0,24.4,147763,63.3,45.8
2026-04-02,AIF005,71.0,70.4,41193,82.9,86.4
2026-04-02,AIF006,51.9,83.3,35520,90.6,63.5
2026-04-02,AIF007,82.6,79.2,142179,76.5,35.5
2026-04-02,AIF008,58.2,54.9,97930,77.9,83.8
2026-04-02,AIF009,45.0,79.1,100235,94.9,62.4
2026-04-02,AIF010,82.1,70.4,165348,82.8,8.5
2026-04-02,AIF011,42.0,46.6,152556,82.0,11.3
2026-04-02,AIF012,71.3,51.6,46965,79.8,8.1
2026-04-02,AIF013,44.5,48.5,59961,74.5,13.0
2026-04-02,AIF014,42.3,51.8,38846,73.3,26.1
2026-04-02,AIF015,59.7,50.8,28980,79.9,71.7
2026-04-02,AIF016,59.5,19.0,22309,73.5,86.7
2026-04-02,AIF017,58.7,74.9,17266,84.5,76.4
2026-04-02,AIF018,47.9,25.2,21601,76.1,67.9
2026-04-02,AIF019,62.5,39.2,107297,79.9,83.8
2026-04-02,AIF020,54.4,67.7,67752,77.1,30.1
2026-04-02,AIF021,81.3,65.0,160129,72.4,76.7
2026-04-02,AIF022,54.1,83.9,3751,96.8,46.9
2026-04-02,AIF023,72.1,20.4,154974,80.9,73.6
2026-04-02,AIF024,65.5,82.1,125419,70.2,50.6
2026-04-02,AIF025,41.1,42.1,165256,69.3,20.1
2026-04-02,AIF026,69.6,59.4,11623,62.6,88.9
2026-04-02,AIF027,61.5,33.0,126367,87.3,24.8
2026-04-02,AIF028,89.6,51.2,132609,81.0,47.2
2026-04-02,AIF029,90.3,43.5,75082,72.0,49.0
2026-04-02,AIF030,67.9,66.2,85335,64.5,83.2
2026-04-02,AIF031,68.4,33.1,68716,97.1,69.4
2026-04-02,AIF032,51.4,41.2,95920,83.1,84.4
2026-04-02,AIF033,95.0,68.5,160926,94.3,28.5
2026-04-02,AIF034,64.1,75.6,32044,68.8,31.9
2026-04-02,AIF035,43.8,67.7,6135,87.3,51.4
2026-04-02,AIF036,63.0,57.4,134065,88.7,21.0
2026-04-03,AIF001,97.0,24.9,72834,65.6,78.2
2026-04-03,AIF002,41.9,29.8,76780,80.0,56.0
2026-04-03,AIF003,71.7,62.4,125059,69.6,43.1
2026-04-03,AIF004,95.2,62.2,160187,90.2,36.9
2026-04-03,AIF005,52.0,32.6,4092,80.3,29.0
2026-04-03,AIF006,54.3,43.3,180954,80.2,53.5
2026-04-03,AIF007,71.6,22.3,164814,75.8,65.4
2026-04-03,AIF008,48.4,32.5,19496,68.8,44.8
2026-04-03,AIF009,70.4,76.2,48969,65.2,22.1
2026-04-03,AIF010,41.4,57.6,58069,78.4,58.5
2026-04-03,AIF011,43.0,71.8,77160,88.5,32.9
2026-04-03,AIF012,84.9,26.7,27833,75.9,34.5
2026-04-03,AIF013,63.8,58.7,23635,89.7,13.3
2026-04-03,AIF014,58.4,47.4,129942,94.6,51.7
2026-04-03,AIF015,51.8,42.4,34093,93.7,22.9
2026-04-03,AIF016,72.6,45.6,70574,66.7,67.7
2026-04-03,AIF017,53.5,71.3,50843,73.2,13.5
2026-04-03,AIF018,87.2,45.3,48544,98.0,54.9
2026-04-03,AIF019,76.6,49.2,107339,65.1,41.5
2026-04-03,AIF020,83.6,20.7,47090,67.7,36.7
2026-04-03,AIF021,71.5,52.7,56319,94.1,77.4
2026-04-03,AIF022,96.4,59.9,64783,75.5,77.0
2026-04-03,AIF023,82.6,80.9,172025,76.3,29.8
2026-04-03,AIF024,83.6,77.5,94971,79.5,11.2
2026-04-03,AIF025,83.3,70.3,34625,73.7,18.8
2026-04-03,AIF026,64.1,45.3,128925,82.7,14.3
2026-04-03,AIF027,71.6,77.3,83185,73.1,15.7
2026-04-03,AIF028,43.7,52.2,173233,91.5,40.5
2026-04-03,AIF029,90.6,33.8,56865,96.1,59.7
2026-04-03,AIF030,86.8,30.4,80382,66.0,60.0
2026-04-03,AIF031,48.1,69.9,36353,75.1,77.3
2026-04-03,AIF032,65.3,29.7,95111,73.8,19.4
2026-04-03,AIF033,71.3,42.4,137591,80.7,26.8
2026-04-03,AIF034,89.6,70.2,116770,66.0,49.8
2026-04-03,AIF035,76.7,45.4,153318,62.5,68.6
2026-04-03,AIF036,65.8,53.4,47658,83.3,76.3
2026-04-04,AIF001,58.3,74.1,124068,86.9,64.5
2026-04-04,AIF002,88.1,29.3,45156,91.4,61.0
2026-04-04,AIF003,57.9,63.6,28697,74.8,19.2
2026-04-04,AIF004,70.6,83.3,32367,69.0,70.9
2026-04-04,AIF005,44.2,55.8,183273,97.7,91.6
2026-04-04,AIF006,87.8,80.9,77794,70.3,47.3
2026-04-04,AIF007,54.0,58.9,117992,94.3,83.4
2026-04-04,AIF008,62.0,35.5,4407,89.9,79.5
2026-04-04,AIF009,96.8,44.7,126171,98.9,67.5
2026-04-04,AIF010,88.8,48.9,118081,74.0,9.1
2026-04-04,AIF011,77.3,22.6,115186,72.0,49.1
2026-04-04,AIF012,57.2,22.3,152318,66.4,67.8
2026-04-04,AIF013,60.3,74.8,68253,96.6,58.8
2026-04-04,AIF014,50.7,29.5,24228,92.3,73.3
2026-04-04,AIF015,88.9,27.0,139354,96.3,74.8
2026-04-04,AIF016,79.6,66.0,72946,92.7,69.1
2026-04-04,AIF017,54.0,25.8,24680,93.5,63.9
2026-04-04,AIF018,85.0,55.9,86373,91.8,47.6
2026-04-04,AIF019,60.1,30.7,153138,81.4,43.6
2026-04-04,AIF020,42.0,30.5,39049,82.1,59.7
2026-04-04,AIF021,86.9,25.5,114607,92.4,92.5
2026-04-04,AIF022,75.6,21.2,82636,99.0,14.5
2026-04-04,AIF023,75.3,80.0,43355,65.2,18.8
2026-04-04,AIF024,85.8,69.2,91588,83.4,29.7
2026-04-04,AIF025,88.0,60.5,163840,92.5,70.8
2026-04-04,AIF026,48.4,32.4,88635,94.5,26.7
2026-04-04,AIF027,71.1,21.6,91798,71.3,93.2
2026-04-04,AIF028,58.7,55.5,62499,62.4,86.2
2026-04-04,AIF029,65.9,63.6,105601,90.3,24.8
2026-04-04,AIF030,63.5,68.0,31978,73.4,82.3
2026-04-04,AIF031,75.1,34.0,144503,86.0,9.8
2026-04-04,AIF032,69.7,42.4,15577,96.0,14.8
2026-04-04,AIF033,72.2,45.6,60150,70.5,71.3
2026-04-04,AIF034,67.9,69.0,158638,74.5,31.3
2026-04-04,AIF035,54.9,70.2,47118,85.9,70.9
2026-04-04,AIF036,90.8,53.1,89269,87.8,67.4
2026-04-05,AIF001,55.0,54.1,119038,90.4,22.7
2026-04-05,AIF002,48.3,27.8,43925,71.2,33.0
2026-04-05,AIF003,96.3,80.0,112675,94.8,58.0
2026-04-05,AIF004,62.4,29.5,53406,83.4,40.3
2026-04-05,AIF005,44.2,21.8,88740,91.2,70.9
2026-04-05,AIF006,96.8,51.1,55367,64.6,56.0
2026-04-05,AIF007,51.4,61.1,67388,73.7,45.2
2026-04-05,AIF008,93.2,52.9,36866,89.0,86.7
2026-04-05,AIF009,44.1,45.6,43851,77.2,77.5
2026-04-05,AIF010,73.6,59.6,60621,66.6,27.5
2026-04-05,AIF011,88.6,58.9,95572,87.7,42.6
2026-04-05,AIF012,75.6,48.8,81800,83.9,25.8
2026-04-05,AIF013,45.6,72.0,20983,93.1,9.3
2026-04-05,AIF014,45.2,57.8,112108,73.6,28.6
2026-04-05,AIF015,57.4,54.7,139322,88.7,74.4
2026-04-05,AIF016,46.5,46.9,73013,74.4,34.7
2026-04-05,AIF017,74.9,22.1,161549,65.4,37.3
2026-04-05,AIF018,73.1,75.8,8302,69.8,33.8
2026-04-05,AIF019,42.5,27.2,66430,73.6,78.6
2026-04-05,AIF020,71.5,41.6,171339,83.8,43.2
2026-04-05,AIF021,93.6,26.5,92573,67.3,42.2
2026-04-05,AIF022,46.2,22.8,173383,69.8,11.1
2026-04-05,AIF023,48.7,29.3,68190,86.6,71.4
2026-04-05,AIF024,43.0,31.5,93593,91.7,74.5
2026-04-05,AIF025,93.2,55.2,44513,93.8,10.5
2026-04-05,AIF026,96.5,40.4,113952,70.0,9.7
2026-04-05,AIF027,77.6,67.7,144972,65.4,94.0
2026-04-05,AIF028,79.4,39.7,24336,96.0,10.6
2026-04-05,AIF029,56.8,29.4,22039,70.5,77.2
2026-04-05,AIF030,43.1,43.0,100544,87.8,62.3
2026-04-05,AIF031,49.7,58.0,147999,93.2,81.7
2026-04-05,AIF032,62.9,69.0,128054,70.5,38.1
2026-04-05,AIF033,46.8,65.0,167941,91.5,21.4
2026-04-05,AIF034,82.8,57.1,42626,64.4,89.9
2026-04-05,AIF035,64.1,71.8,59622,74.3,78.2
2026-04-05,AIF036,58.8,22.6,72963,82.6,37.6
2026-04-06,AIF001,60.8,53.7,10121,73.7,23.2
2026-04-06,AIF002,62.7,80.4,14013,87.3,19.5
2026-04-06,AIF003,76.5,58.8,56927,79.9,29.8
2026-04-06,AIF004,67.0,40.4,23461,66.7,75.1
2026-04-06,AIF005,58.5,45.9,6643,97.9,37.9
2026-04-06,AIF006,93.3,48.1,153006,98.9,91.3
2026-04-06,AIF007,88.7,20.2,132559,68.9,57.0
2026-04-06,AIF008,80.0,60.5,24028,93.5,44.3
2026-04-06,AIF009,57.8,80.2,55986,90.9,68.1
2026-04-06,AIF010,94.3,47.7,88963,82.7,59.4
2026-04-06,AIF011,70.8,45.6,8408,62.1,51.1
2026-04-06,AIF012,65.7,78.6,55998,91.4,58.9
2026-04-06,AIF013,46.9,33.6,127885,96.5,24.8
2026-04-06,AIF014,92.3,81.7,108020,98.1,55.7
2026-04-06,AIF015,54.9,37.7,123629,85.2,50.8
2026-04-06,AIF016,80.9,81.0,163202,64.8,30.7
2026-04-06,AIF017,96.9,82.9,155100,69.8,36.1
2026-04-06,AIF018,85.7,80.3,87668,62.5,61.3
2026-04-06,AIF019,49.9,19.2,127461,90.5,33.9
2026-04-06,AIF020,47.7,32.5,88315,81.6,75.0
2026-04-06,AIF021,48.7,75.8,36289,91.4,25.3
2026-04-06,AIF022,73.2,26.5,153307,77.1,22.6
2026-04-06,AIF023,70.7,22.4,146696,79.0,17.3
2026-04-06,AIF024,54.1,53.0,105893,90.9,51.4
2026-04-06,AIF025,43.6,18.1,96348,62.3,62.7
2026-04-06,AIF026,56.8,68.4,94084,67.4,92.5
2026-04-06,AIF027,76.6,27.6,67475,95.4,91.5
2026-04-06,AIF028,55.7,73.0,20737,86.0,9.8
2026-04-06,AIF029,46.3,74.9,14772,94.4,10.0
2026-04-06,AIF030,74.3,52.3,117126,68.6,67.5
2026-04-06,AIF031,83.9,38.1,177657,77.7,35.3
2026-04-06,AIF032,96.0,58.9,124377,98.1,64.9
2026-04-06,AIF033,56.4,81.8,140806,82.0,92.2
2026-04-06,AIF034,45.6,36.4,69090,96.2,39.7
2026-04-06,AIF035,45.5,66.0,149841,67.2,71.4
2026-04-06,AIF036,65.6,66.6,70708,73.8,49.0
2026-04-07,AIF001,40.6,31.4,183146,94.6,11.7
2026-04-07,AIF002,83.8,61.4,162125,98.6,85.3
2026-04-07,AIF003,77.8,83.9,169293,74.5,43.5
2026-04-07,AIF004,88.1,57.8,104770,66.0,91.1
2026-04-07,AIF005,56.7,47.7,17357,94.9,90.1
2026-04-07,AIF006,58.6,46.3,58379,96.2,20.0
2026-04-07,AIF007,87.0,79.0,179237,90.6,81.3
2026-04-07,AIF008,69.1,25.2,147698,69.0,20.0
2026-04-07,AIF009,85.3,26.4,71961,86.9,29.1
2026-04-07,AIF010,62.7,32.2,174550,62.9,11.0
2026-04-07,AIF011,84.6,33.3,40184,73.4,77.7
2026-04-07,AIF012,95.0,64.6,164257,94.0,72.2
2026-04-07,AIF013,70.5,60.1,82367,66.5,24.8
2026-04-07,AIF014,80.6,24.5,136996,76.9,22.4
2026-04-07,AIF015,48.2,66.9,148156,85.6,52.5
2026-04-07,AIF016,74.5,47.9,155553,93.7,72.5
2026-04-07,AIF017,53.5,77.4,177202,83.9,42.4
2026-04-07,AIF018,85.5,20.9,172517,96.1,44.5
2026-04-07,AIF019,73.8,71.8,87261,62.4,63.4
2026-04-07,AIF020,53.5,20.6,180569,91.3,39.9
2026-04-07,AIF021,75.8,46.4,63402,68.0,47.5
2026-04-07,AIF022,88.9,36.3,90526,86.6,72.0
2026-04-07,AIF023,46.1,30.4,82695,68.6,60.7
2026-04-07,AIF024,81.9,20.7,123095,67.0,31.9
2026-04-07,AIF025,49.2,63.2,183032,74.4,57.3
2026-04-07,AIF026,84.7,83.6,84516,63.8,21.2
2026-04-07,AIF027,58.8,49.9,173217,62.8,21.2
2026-04-07,AIF028,63.0,80.1,65708,88.0,73.6
2026-04-07,AIF029,94.8,56.7,150196,69.2,11.4
2026-04-07,AIF030,70.4,21.8,115335,90.2,53.9
2026-04-07,AIF031,40.8,18.7,128782,82.5,30.1
2026-04-07,AIF032,91.0,61.6,162975,66.6,90.7
2026-04-07,AIF033,95.8,49.8,81391,77.4,88.4
2026-04-07,AIF034,55.6,55.3,180585,66.0,78.5
2026-04-07,AIF035,77.8,61.5,70363,70.5,84.7
2026-04-07,AIF036,81.6,60.0,51125,96.4,48.4
2026-04-08,AIF001,76.9,79.9,36078,86.0,49.7
2026-04-08,AIF002,43.2,46.2,156257,80.1,60.1
2026-04-08,AIF003,82.8,82.7,146063,92.8,21.6
2026-04-08,AIF004,84.1,63.3,75574,66.2,86.3
2026-04-08,AIF005,70.5,25.7,158035,67.8,84.5
2026-04-08,AIF006,93.2,41.4,140914,63.4,36.5
2026-04-08,AIF007,51.1,68.9,44938,72.7,71.4
2026-04-08,AIF008,53.3,31.7,68344,75.3,33.7
2026-04-08,AIF009,83.9,61.8,123436,89.3,62.4
2026-04-08,AIF010,81.0,76.1,80133,87.9,52.8
2026-04-08,AIF011,92.7,67.6,91833,70.4,76.5
2026-04-08,AIF012,40.6,47.5,63557,72.3,31.4
2026-04-08,AIF013,54.8,38.0,28239,72.4,52.2
2026-04-08,AIF014,90.9,39.7,59519,70.7,75.0
2026-04-08,AIF015,82.5,27.5,33063,67.3,71.0
2026-04-08,AIF016,67.1,75.9,57044,73.4,52.3
2026-04-08,AIF017,94.0,59.6,130039,82.7,90.1
2026-04-08,AIF018,56.0,73.8,135605,96.7,49.3
2026-04-08,AIF019,86.8,35.8,95819,77.2,42.6
2026-04-08,AIF020,41.0,79.1,175469,69.5,90.8
2026-04-08,AIF021,76.9,67.8,19737,63.1,34.5
2026-04-08,AIF022,70.0,77.7,85350,65.2,40.0
2026-04-08,AIF023,67.2,47.0,156353,85.0,69.8
2026-04-08,AIF024,91.9,57.8,101378,68.7,59.7
2026-04-08,AIF025,51.9,70.1,42610,90.5,26.6
2026-04-08,AIF026,69.8,78.6,50347,75.7,54.4
2026-04-08,AIF027,50.0,68.2,42612,94.4,73.6
2026-04-08,AIF028,60.9,67.9,127193,69.7,90.0
2026-04-08,AIF029,41.9,42.4,139720,94.1,30.7
2026-04-08,AIF030,55.7,73.4,166454,92.4,44.6
2026-04-08,AIF031,86.2,62.1,12373,65.1,76.5
2026-04-08,AIF032,86.0,83.4,28156,97.9,57.5
2026-04-08,AIF033,50.9,60.6,120044,91.9,46.4
2026-04-08,AIF034,89.9,78.1,63360,63.4,83.8
2026-04-08,AIF035,82.4,35.2,127353,75.7,79.0
2026-04-08,AIF036,81.8,53.1,50847,80.4,19.1
2026-04-09,AIF001,79.5,49.5,106677,89.6,28.3
2026-04-09,AIF002,72.3,79.7,80396,86.4,44.3
2026-04-09,AIF003,49.2,68.5,37546,66.9,58.7
2026-04-09,AIF004,81.1,51.4,115669,82.2,84.0
2026-04-09,AIF005,76.0,68.9,129477,87.2,27.0
2026-04-09,AIF006,45.2,65.2,45110,77.9,21.8
2026-04-09,AIF007,80.4,65.9,3061,76.4,19.2
2026-04-09,AIF008,63.4,47.5,155937,66.1,68.2
2026-04-09,AIF009,54.3,27.6,80699,95.9,62.7
2026-04-09,AIF010,83.5,54.9,117314,72.8,18.8
2026-04-09,AIF011,68.1,65.6,179310,76.7,36.1
2026-04-09,AIF012,70.8,19.2,165164,90.6,80.4
2026-04-09,AIF013,50.6,45.0,13609,74.1,30.0
2026-04-09,AIF014,96.6,82.4,3115,75.0,85.0
2026-04-09,AIF015,89.8,64.3,183620,89.5,11.2
2026-04-09,AIF016,61.5,32.8,35561,87.4,23.7
2026-04-09,AIF017,62.6,53.6,77013,74.0,45.4
2026-04-09,AIF018,51.0,82.1,34042,86.3,74.3
2026-04-09,AIF019,78.2,36.4,91127,75.2,71.2
2026-04-09,AIF020,45.1,59.8,49374,77.9,63.5
2026-04-09,AIF021,71.8,25.2,157275,81.5,35.5
2026-04-09,AIF022,56.1,55.8,140986,66.4,88.6
2026-04-09,AIF023,78.8,53.6,23209,67.8,75.4
2026-04-09,AIF024,93.2,42.2,182455,63.8,88.9
2026-04-09,AIF025,92.7,42.4,77988,82.2,48.7
2026-04-09,AIF026,53.7,49.0,126465,63.5,33.9
2026-04-09,AIF027,76.8,31.2,117539,71.4,72.0
2026-04-09,AIF028,56.5,75.3,89291,97.3,89.2
2026-04-09,AIF029,93.3,47.8,154060,76.0,46.9
2026-04-09,AIF030,63.1,79.2,104516,64.1,93.2
2026-04-09,AIF031,42.9,31.4,149787,97.8,37.3
2026-04-09,AIF032,91.5,66.4,35699,84.0,32.6
2026-04-09,AIF033,44.2,42.5,110772,73.5,15.7
2026-04-09,AIF034,67.9,40.6,23343,79.7,66.2
2026-04-09,AIF035,64.6,23.0,138078,63.8,8.1
2026-04-09,AIF036,91.1,25.0,159997,98.2,92.0
2026-04-10,AIF001,82.4,71.7,103376,74.9,50.8
2026-04-10,AIF002,67.6,25.0,162818,73.6,25.9
2026-04-10,AIF003,40.9,58.2,9424,94.0,15.4
2026-04-10,AIF004,62.0,44.5,69269,80.7,21.0
2026-04-10,AIF005,50.8,75.5,107393,82.8,13.5
2026-04-10,AIF006,93.8,60.0,147965,79.9,28.9
2026-04-10,AIF007,91.9,65.6,117225,78.8,25.9
2026-04-10,AIF008,84.4,43.6,90336,87.9,30.9
2026-04-10,AIF009,80.5,32.3,41177,94.0,89.7
2026-04-10,AIF010,57.9,67.6,110915,98.7,79.7
2026-04-10,AIF011,50.0,54.4,47885,87.7,33.2
2026-04-10,AIF012,44.7,75.4,44836,90.1,34.7
2026-04-10,AIF013,79.5,44.4,96900,65.7,82.2
2026-04-10,AIF014,56.9,66.9,168471,64.8,22.3
2026-04-10,AIF015,65.1,26.1,162012,62.3,29.8
2026-04-10,AIF016,84.9,51.6,74042,64.0,83.6
2026-04-10,AIF017,53.5,32.3,69132,80.1,17.6
2026-04-10,AIF018,63.7,71.6,107377,83.7,87.0
2026-04-10,AIF019,95.2,29.4,102262,74.1,45.0
2026-04-10,AIF020,50.4,54.0,24016,97.5,22.8
2026-04-10,AIF021,60.8,42.8,179963,90.6,26.2
2026-04-10,AIF022,55.6,69.0,116012,66.9,87.3
2026-04-10,AIF023,56.0,79.9,87286,71.0,23.5
2026-04-10,AIF024,48.9,45.8,176317,87.7,29.6
2026-04-10,AIF025,45.7,75.9,83047,85.7,56.5
2026-04-10,AIF026,49.3,24.4,149415,89.2,16.4
2026-04-10,AIF027,82.9,18.9,48257,84.0,31.1
2026-04-10,AIF028,86.2,56.1,109678,98.5,19.8
2026-04-10,AIF029,93.5,74.3,102714,71.0,90.8
2026-04-10,AIF030,41.6,69.9,140364,63.3,81.6
2026-04-10,AIF031,87.0,56.3,137414,94.8,88.9
2026-04-10,AIF032,67.9,81.2,35058,91.7,57.0
2026-04-10,AIF033,65.2,69.8,16530,95.2,89.8
2026-04-10,AIF034,94.2,59.7,17413,72.4,44.6
2026-04-10,AIF035,79.5,58.2,138316,72.5,77.8
2026-04-10,AIF036,41.6,81.5,15490,78.3,52.0
2026-04-11,AIF001,40.8,39.2,78645,73.2,33.3
2026-04-11,AIF002,74.7,70.4,2196,86.1,77.0
2026-04-11,AIF003,77.3,73.7,116441,66.9,92.8
2026-04-11,AIF004,57.2,75.3,39129,87.5,70.1
2026-04-11,AIF005,45.0,27.5,50316,92.8,14.6
2026-04-11,AIF006,65.7,73.1,55324,86.2,32.0
2026-04-11,AIF007,66.8,61.4,114611,68.8,10.0
2026-04-11,AIF008,63.9,18.2,112521,95.9,92.6
2026-04-11,AIF009,55.5,56.4,110550,90.1,25.6
2026-04-11,AIF010,67.5,56.8,133978,84.8,73.5
2026-04-11,AIF011,62.8,25.0,41097,98.8,64.3
2026-04-11,AIF012,46.8,28.5,136493,70.3,77.0
2026-04-11,AIF013,50.3,79.2,54436,78.6,34.4
2026-04-11,AIF014,92.3,51.4,38905,82.6,35.2
2026-04-11,AIF015,85.5,67.6,28070,70.0,41.1
2026-04-11,AIF016,52.2,21.0,105695,65.1,65.3
2026-04-11,AIF017,40.7,62.3,10926,95.0,36.3
2026-04-11,AIF018,46.9,43.8,55949,96.1,64.2
2026-04-11,AIF019,63.4,23.9,118257,87.8,40.5
2026-04-11,AIF020,48.4,67.9,119386,64.6,24.1
2026-04-11,AIF021,46.0,23.5,95236,67.2,33.7
2026-04-11,AIF022,71.4,59.1,162206,97.9,51.6
2026-04-11,AIF023,82.9,61.7,15467,84.8,29.7
2026-04-11,AIF024,96.7,54.6,103292,83.6,68.5
2026-04-11,AIF025,96.8,75.0,120813,78.6,14.0
2026-04-11,AIF026,77.3,38.2,9532,92.8,17.6
2026-04-11,AIF027,53.7,29.5,46848,66.9,68.0
2026-04-11,AIF028,68.4,49.1,104143,89.0,22.7
2026-04-11,AIF029,83.2,71.8,175249,71.2,10.2
2026-04-11,AIF030,92.9,80.7,111911,79.3,26.6
2026-04-11,AIF031,92.2,31.1,133745,68.2,10.6
2026-04-11,AIF032,94.0,49.9,49097,88.5,45.0
2026-04-11,AIF033,74.7,65.8,162291,70.5,10.7
2026-04-11,AIF034,73.1,56.7,128995,65.6,39.2
2026-04-11,AIF035,94.5,37.5,25805,76.7,16.4
2026-04-11,AIF036,96.1,37.2,106476,77.3,21.6
2026-04-12,AIF001,45.4,78.9,121916,67.8,19.2
2026-04-12,AIF002,68.9,48.8,76726,92.8,38.8
2026-04-12,AIF003,58.8,59.3,68409,81.2,21.7
2026-04-12,AIF004,79.1,81.8,82006,98.3,17.2
2026-04-12,AIF005,58.3,32.8,71828,69.9,74.6
2026-04-12,AIF006,71.0,65.3,82565,80.5,21.4
2026-04-12,AIF007,53.6,43.2,170481,75.9,63.3
2026-04-12,AIF008,66.6,82.0,177800,88.0,45.0
2026-04-12,AIF009,41.2,30.7,174751,97.5,57.6
2026-04-12,AIF010,49.9,57.8,27819,62.4,60.0
2026-04-12,AIF011,54.9,59.7,181549,82.1,86.5
2026-04-12,AIF012,76.8,39.2,174272,76.5,25.7
2026-04-12,AIF013,67.5,79.4,66469,71.4,83.7
2026-04-12,AIF014,49.8,37.7,98997,87.2,72.6
2026-04-12,AIF015,57.4,42.3,169504,76.5,45.7
2026-04-12,AIF016,84.2,79.5,3409,63.7,47.5
2026-04-12,AIF017,72.8,75.4,72571,87.3,61.9
2026-04-12,AIF018,89.3,36.8,18305,75.3,65.2
2026-04-12,AIF019,84.9,76.3,52333,91.0,9.1
2026-04-12,AIF020,41.0,41.8,147612,85.0,31.2
2026-04-12,AIF021,63.7,33.9,126088,75.0,36.1
2026-04-12,AIF022,95.6,68.8,81981,73.7,92.6
2026-04-12,AIF023,77.7,68.7,98086,95.9,85.0
2026-04-12,AIF024,50.7,51.4,160905,64.2,77.0
2026-04-12,AIF025,64.4,30.0,121556,65.5,17.9
2026-04-12,AIF026,54.2,70.7,36193,69.5,61.7
2026-04-12,AIF027,50.9,25.9,5931,96.5,12.0
2026-04-12,AIF028,55.2,19.5,67154,97.8,35.7
2026-04-12,AIF029,86.5,64.2,174081,79.1,23.4
2026-04-12,AIF030,57.8,77.7,110012,83.2,40.6
2026-04-12,AIF031,75.8,71.2,6176,74.8,77.6
2026-04-12,AIF032,66.8,47.3,92470,85.0,54.4
2026-04-12,AIF033,80.1,78.9,30576,63.2,12.9
2026-04-12,AIF034,66.9,48.7,143567,88.7,36.9
2026-04-12,AIF035,48.5,72.2,134901,76.7,69.2
2026-04-12,AIF036,51.5,38.3,97243,65.9,81.0
2026-04-13,AIF001,67.5,41.7,40509,94.9,58.9
2026-04-13,AIF002,63.3,28.3,123300,95.5,36.7
2026-04-13,AIF003,81.2,25.8,113477,93.4,30.0
2026-04-13,AIF004,67.0,69.2,118997,92.3,33.2
2026-04-13,AIF005,45.8,25.1,93758,74.7,54.7
2026-04-13,AIF006,94.7,26.3,169229,67.0,85.1
2026-04-13,AIF007,84.1,46.9,110625,95.9,81.6
2026-04-13,AIF008,74.7,53.1,2290,87.0,37.2
2026-04-13,AIF009,59.7,32.4,123697,70.5,18.4
2026-04-13,AIF010,65.8,70.7,80137,67.2,39.3
2026-04-13,AIF011,86.6,18.8,145693,71.3,33.3
2026-04-13,AIF012,57.9,81.6,168065,86.6,75.9
2026-04-13,AIF013,59.2,62.9,140309,74.9,91.4
2026-04-13,AIF014,56.7,46.9,53989,69.3,21.7
2026-04-13,AIF015,64.0,30.0,151186,70.9,37.9
2026-04-13,AIF016,65.8,76.9,124671,86.9,41.6
2026-04-13,AIF017,86.3,64.7,2274,94.7,38.4
2026-04-13,AIF018,82.4,75.5,33108,95.0,42.9
2026-04-13,AIF019,48.0,36.8,10445,62.3,49.5
2026-04-13,AIF020,44.9,42.8,162162,86.5,8.2
2026-04-13,AIF021,91.1,37.7,98785,94.8,57.0
2026-04-13,AIF022,47.6,83.4,115801,63.1,36.6
2026-04-13,AIF023,59.8,42.9,31306,94.6,71.7
2026-04-13,AIF024,75.8,40.4,175685,86.4,39.8
2026-04-13,AIF025,64.5,35.0,127276,66.6,80.9
2026-04-13,AIF026,91.5,81.4,125160,72.3,24.4
2026-04-13,AIF027,43.2,58.5,164026,70.4,26.5
2026-04-13,AIF028,49.4,22.3,51971,67.5,80.8
2026-04-13,AIF029,45.4,28.4,160609,95.9,30.0
2026-04-13,AIF030,52.8,33.0,135553,70.5,61.4
2026-04-13,AIF031,49.1,43.2,164725,95.6,74.0
2026-04-13,AIF032,56.9,69.1,53149,90.6,63.6
2026-04-13,AIF033,88.5,77.9,182285,89.2,40.6
2026-04-13,AIF034,48.4,68.8,139109,97.5,66.0
2026-04-13,AIF035,79.8,50.8,20208,90.0,81.6
2026-04-13,AIF036,43.1,75.3,44284,80.1,45.7
2026-04-14,AIF001,66.3,77.8,176446,87.6,75.0
2026-04-14,AIF002,65.1,29.9,11510,73.8,89.4
2026-04-14,AIF003,44.7,21.8,179036,92.7,62.6
2026-04-14,AIF004,82.9,53.7,120855,82.8,40.8
2026-04-14,AIF005,46.7,83.4,157227,69.7,52.1
2026-04-14,AIF006,76.1,52.0,66211,79.6,53.4
2026-04-14,AIF007,61.3,68.7,80300,74.6,68.2
2026-04-14,AIF008,85.8,71.8,108590,63.7,86.7
2026-04-14,AIF009,64.1,57.4,117420,79.7,25.7
2026-04-14,AIF010,91.9,19.4,150396,80.2,69.6
2026-04-14,AIF011,42.3,72.3,112567,81.2,19.6
2026-04-14,AIF012,90.6,34.6,33867,85.2,84.0
2026-04-14,AIF013,54.8,76.2,105416,80.6,48.9
2026-04-14,AIF014,88.5,26.9,44973,95.9,68.2
2026-04-14,AIF015,86.3,62.1,90058,92.3,71.4
2026-04-14,AIF016,96.3,73.9,44693,98.6,79.1
2026-04-14,AIF017,57.3,65.4,135584,93.3,67.3
2026-04-14,AIF018,51.1,45.8,129539,87.5,65.3
2026-04-14,AIF019,71.1,34.0,19715,69.5,57.1
2026-04-14,AIF020,50.7,77.5,140076,64.8,52.7
2026-04-14,AIF021,51.3,70.8,49450,75.4,37.8
2026-04-14,AIF022,45.3,37.7,36613,94.3,10.9
2026-04-14,AIF023,52.0,49.6,1839,77.5,28.4
2026-04-14,AIF024,54.0,73.8,111396,95.3,14.4
2026-04-14,AIF025,77.1,36.5,40442,81.8,57.8
2026-04-14,AIF026,70.9,66.0,26856,97.4,73.4
2026-04-14,AIF027,63.5,31.5,183127,81.6,50.4
2026-04-14,AIF028,58.0,39.1,145199,91.2,25.1
2026-04-14,AIF029,95.6,62.7,35957,69.9,56.2
2026-04-14,AIF030,95.5,33.9,153184,89.7,89.3
2026-04-14,AIF031,45.2,65.4,78013,65.0,19.6
2026-04-14,AIF032,62.0,83.4,17819,69.4,44.7
2026-04-14,AIF033,88.3,81.8,23520,93.6,78.2
2026-04-14,AIF034,50.0,80.5,21897,67.7,20.9
2026-04-14,AIF035,55.0,60.6,100733,87.0,29.2
2026-04-14,AIF036,53.6,78.4,170834,80.7,43.4
2026-04-15,AIF001,55.7,24.2,155991,83.9,69.7
2026-04-15,AIF002,41.2,45.1,172728,74.1,22.8
2026-04-15,AIF003,95.9,77.6,135617,93.9,28.9
2026-04-15,AIF004,43.0,44.9,124585,76.2,58.8
2026-04-15,AIF005,43.6,40.7,66184,87.0,65.0
2026-04-15,AIF006,79.0,54.0,99928,97.1,25.5
2026-04-15,AIF007,89.4,73.3,94831,82.1,36.4
2026-04-15,AIF008,92.9,66.8,175157,88.2,79.5
2026-04-15,AIF009,55.9,35.7,164672,68.5,69.7
2026-04-15,AIF010,58.7,78.3,73496,87.8,57.9
2026-04-15,AIF011,90.9,75.7,130667,76.9,30.7
2026-04-15,AIF012,94.3,27.2,91639,64.6,80.6
2026-04-15,AIF013,68.4,27.3,45912,97.5,70.9
2026-04-15,AIF014,64.8,21.9,42275,66.5,58.9
2026-04-15,AIF015,55.8,34.5,47217,98.5,57.6
2026-04-15,AIF016,75.1,75.6,117876,74.4,49.6
2026-04-15,AIF017,86.8,25.7,165689,74.5,24.6
2026-04-15,AIF018,54.8,70.1,121610,79.3,10.5
2026-04-15,AIF019,76.1,62.4,66911,78.6,61.7
2026-04-15,AIF020,77.0,46.7,102328,93.9,28.1
2026-04-15,AIF021,94.4,56.6,174612,94.4,36.7
2026-04-15,AIF022,44.7,52.3,69309,69.8,46.0
2026-04-15,AIF023,85.1,81.1,23569,66.8,19.5
2026-04-15,AIF024,75.7,24.5,136635,72.8,48.7
2026-04-15,AIF025,88.7,42.6,162240,72.9,30.7
2026-04-15,AIF026,53.5,23.9,145778,73.4,34.2
2026-04-15,AIF027,91.4,83.6,145040,78.3,17.7
2026-04-15,AIF028,91.8,40.5,83726,62.8,37.1
2026-04-15,AIF029,80.3,71.0,120196,78.7,19.5
2026-04-15,AIF030,46.4,63.3,120889,78.3,54.7
2026-04-15,AIF031,80.8,58.9,39081,89.2,31.0
2026-04-15,AIF032,82.7,78.7,2059,91.1,31.5
2026-04-15,AIF033,53.9,68.5,123230,91.4,59.8
2026-04-15,AIF034,72.3,68.6,14256,90.7,18.0
2026-04-15,AIF035,52.5,31.0,53146,67.9,37.1
2026-04-15,AIF036,75.9,58.3,37615,97.4,58.4
2026-04-16,AIF001,79.7,36.6,108997,92.2,18.6
2026-04-16,AIF002,67.0,24.9,155850,98.0,62.1
2026-04-16,AIF003,93.9,19.9,64544,85.4,91.0
2026-04-16,AIF004,51.1,75.2,49863,79.3,58.2
2026-04-16,AIF005,88.5,35.5,15113,76.2,77.6
2026-04-16,AIF006,59.8,43.4,31664,80.5,21.0
2026-04-16,AIF007,78.3,75.7,146428,78.6,93.8
2026-04-16,AIF008,57.5,79.1,16504,81.0,20.1
2026-04-16,AIF009,41.7,44.4,161842,98.3,85.6
2026-04-16,AIF010,54.1,81.0,4938,79.7,69.5
2026-04-16,AIF011,60.3,31.5,89680,69.7,39.9
2026-04-16,AIF012,45.7,26.1,109199,76.2,71.7
2026-04-16,AIF013,94.2,43.9,165792,70.2,16.8
2026-04-16,AIF014,64.3,59.8,156451,85.2,24.5
2026-04-16,AIF015,65.6,83.0,119351,98.3,90.2
2026-04-16,AIF016,44.5,46.3,111111,65.8,38.4
2026-04-16,AIF017,85.3,18.3,28569,69.2,31.9
2026-04-16,AIF018,62.9,66.3,59606,62.2,50.4
2026-04-16,AIF019,40.5,22.6,60523,98.0,9.0
2026-04-16,AIF020,74.4,49.0,91258,89.6,68.3
2026-04-16,AIF021,93.9,56.7,128561,79.5,35.6
2026-04-16,AIF022,64.7,61.3,54206,85.2,34.1
2026-04-16,AIF023,51.9,54.8,116653,65.7,19.7
2026-04-16,AIF024,59.1,55.3,82890,84.3,73.8
2026-04-16,AIF025,50.9,22.8,4202,94.1,22.4
2026-04-16,AIF026,73.6,66.7,48647,68.5,76.9
2026-04-16,AIF027,49.9,61.9,57256,68.6,81.3
2026-04-16,AIF028,67.2,52.9,39722,81.1,57.9
2026-04-16,AIF029,63.1,59.7,76500,71.3,28.4
2026-04-16,AIF030,89.1,31.1,170025,75.6,13.9
2026-04-16,AIF031,54.6,80.5,69603,88.6,27.5
2026-04-16,AIF032,89.9,34.6,107204,66.3,66.8
2026-04-16,AIF033,94.8,45.7,61965,63.4,78.8
2026-04-16,AIF034,41.5,42.3,116287,87.3,20.3
2026-04-16,AIF035,48.8,81.1,162886,80.0,21.2
2026-04-16,AIF036,58.5,40.5,9469,91.0,73.0
2026-04-17,AIF001,63.2,28.5,147323,66.8,23.8
2026-04-17,AIF002,52.6,54.9,155923,81.9,85.9
2026-04-17,AIF003,69.6,61.3,5511,72.7,25.1
2026-04-17,AIF004,76.5,40.0,62354,80.7,35.3
2026-04-17,AIF005,48.5,49.2,51159,77.7,39.3
2026-04-17,AIF006,63.7,33.4,171321,66.1,32.2
2026-04-17,AIF007,92.8,29.5,22788,89.0,20.8
2026-04-17,AIF008,59.5,33.1,139917,98.8,54.0
2026-04-17,AIF009,51.1,31.1,120271,69.7,93.8
2026-04-17,AIF010,54.3,41.5,149298,75.5,44.8
2026-04-17,AIF011,60.5,65.5,48081,92.3,62.9
2026-04-17,AIF012,40.4,43.0,112454,90.1,48.7
2026-04-17,AIF013,49.4,25.5,43877,62.6,61.6
2026-04-17,AIF014,93.7,23.0,72106,63.9,84.1
2026-04-17,AIF015,74.4,66.8,110276,88.2,53.3
2026-04-17,AIF016,76.6,83.6,7033,97.0,40.8
2026-04-17,AIF017,48.8,70.7,157858,90.1,30.9
2026-04-17,AIF018,51.0,25.5,139248,85.9,83.7
2026-04-17,AIF019,50.0,61.1,108625,97.5,83.8
2026-04-17,AIF020,76.3,68.8,19359,68.1,78.1
2026-04-17,AIF021,48.9,55.8,97779,71.3,34.2
2026-04-17,AIF022,59.1,52.0,97795,82.7,28.8
2026-04-17,AIF023,79.6,66.5,118245,64.4,71.1
2026-04-17,AIF024,47.6,45.6,1980,85.3,68.8
2026-04-17,AIF025,45.2,64.9,47668,77.3,84.8
2026-04-17,AIF026,47.7,60.7,168730,65.3,62.3
2026-04-17,AIF027,87.2,81.7,184116,68.2,92.3
2026-04-17,AIF028,90.7,25.1,114842,72.9,66.9
2026-04-17,AIF029,80.0,44.3,167707,89.6,46.7
2026-04-17,AIF030,96.0,56.5,57029,94.9,11.0
2026-04-17,AIF031,51.1,80.8,156049,69.6,15.2
2026-04-17,AIF032,95.2,23.0,156420,94.1,27.6
2026-04-17,AIF033,87.2,26.5,58597,96.3,92.1
2026-04-17,AIF034,63.1,35.8,90182,98.4,70.9
2026-04-17,AIF035,90.2,32.8,162895,95.3,47.5
2026-04-17,AIF036,86.3,80.1,85819,91.9,50.3
2026-04-18,AIF001,86.5,49.6,166160,83.2,27.8
2026-04-18,AIF002,46.5,24.6,148479,83.0,23.5
2026-04-18,AIF003,66.3,50.4,171635,73.5,66.5
2026-04-18,AIF004,72.1,48.6,78468,90.5,83.2
2026-04-18,AIF005,46.4,50.9,113949,80.6,8.2
2026-04-18,AIF006,42.1,71.8,156976,67.7,53.8
2026-04-18,AIF007,76.6,63.9,54036,95.7,85.9
2026-04-18,AIF008,78.2,70.3,152625,64.1,64.3
2026-04-18,AIF009,54.7,26.5,172611,66.5,11.1
2026-04-18,AIF010,42.3,73.4,92429,90.4,70.6
2026-04-18,AIF011,93.6,79.3,163725,76.0,21.5
2026-04-18,AIF012,48.7,46.8,182488,62.5,31.7
2026-04-18,AIF013,88.0,43.5,29385,86.9,36.9
2026-04-18,AIF014,56.7,48.6,69142,71.8,39.5
2026-04-18,AIF015,41.9,53.8,90745,83.0,38.4
2026-04-18,AIF016,43.1,51.5,60343,81.0,17.9
2026-04-18,AIF017,49.0,34.0,58881,81.3,84.2
2026-04-18,AIF018,66.8,51.8,14217,62.0,78.8
2026-04-18,AIF019,77.9,20.9,84852,74.8,27.1
2026-04-18,AIF020,93.8,81.6,182349,95.1,76.6
2026-04-18,AIF021,73.5,45.3,82915,89.5,12.0
2026-04-18,AIF022,54.9,43.2,137328,76.6,33.2
2026-04-18,AIF023,54.6,56.2,158224,71.9,50.6
2026-04-18,AIF024,71.1,78.1,96779,62.1,43.0
2026-04-18,AIF025,95.0,51.5,179355,84.5,20.6
2026-04-18,AIF026,89.7,56.1,148329,66.2,71.1
2026-04-18,AIF027,74.0,25.3,168037,72.2,10.0
2026-04-18,AIF028,85.4,30.4,160926,71.2,20.6
2026-04-18,AIF029,65.8,34.1,84943,91.9,10.5
2026-04-18,AIF030,68.1,30.1,168213,97.3,85.6
2026-04-18,AIF031,56.2,57.4,11575,95.1,67.8
2026-04-18,AIF032,93.9,69.5,106689,90.3,33.4
2026-04-18,AIF033,79.2,62.6,11655,79.6,57.0
2026-04-18,AIF034,91.7,73.5,95929,84.6,88.6
2026-04-18,AIF035,83.6,67.9,28329,84.1,35.3
2026-04-18,AIF036,68.1,71.4,2251,67.2,54.1
2026-04-19,AIF001,52.4,60.7,62763,74.2,46.2
2026-04-19,AIF002,81.2,30.8,101773,95.9,24.4
2026-04-19,AIF003,49.0,34.6,100561,74.6,78.5
2026-04-19,AIF004,43.9,26.3,166256,72.8,91.3
2026-04-19,AIF005,66.8,77.8,60560,83.0,62.6
2026-04-19,AIF006,92.4,76.4,17458,72.2,31.2
2026-04-19,AIF007,52.4,42.2,19981,77.3,47.6
2026-04-19,AIF008,72.0,68.6,117512,76.6,43.6
2026-04-19,AIF009,86.8,58.4,177906,71.3,48.6
2026-04-19,AIF010,76.8,53.1,18794,74.2,49.6
2026-04-19,AIF011,45.7,51.1,70011,65.8,84.0
2026-04-19,AIF012,45.3,70.0,169814,63.0,77.1
2026-04-19,AIF013,66.2,28.6,63575,75.1,25.7
2026-04-19,AIF014,68.8,38.1,96264,65.9,20.3
2026-04-19,AIF015,85.6,22.8,86089,94.0,25.8
2026-04-19,AIF016,77.1,34.4,167311,95.4,73.2
2026-04-19,AIF017,47.7,53.5,59534,88.6,40.4
2026-04-19,AIF018,82.8,84.0,68237,68.5,45.5
2026-04-19,AIF019,64.8,59.7,65481,96.3,51.1
2026-04-19,AIF020,67.0,40.9,160829,92.7,66.5
2026-04-19,AIF021,96.9,62.3,93353,82.7,51.7
2026-04-19,AIF022,46.6,67.9,105299,83.4,77.8
2026-04-19,AIF023,81.2,37.4,131067,83.3,35.3
2026-04-19,AIF024,67.9,83.8,176958,91.3,87.3
2026-04-19,AIF025,44.0,48.6,118683,73.9,83.6
2026-04-19,AIF026,52.5,70.2,131251,81.6,15.5
2026-04-19,AIF027,58.8,71.5,80956,81.4,21.2
2026-04-19,AIF028,64.3,40.3,124720,72.9,83.4
2026-04-19,AIF029,47.3,48.5,160166,97.0,42.6
2026-04-19,AIF030,82.8,71.8,176051,69.4,70.1
2026-04-19,AIF031,94.8,72.9,83990,66.7,92.7
2026-04-19,AIF032,62.0,80.5,14428,75.5,13.0
2026-04-19,AIF033,95.5,43.6,80162,96.2,81.3
2026-04-19,AIF034,91.1,18.2,137838,63.0,92.3
2026-04-19,AIF035,59.3,33.5,96616,74.5,31.5
2026-04-19,AIF036,95.3,70.2,159543,93.2,51.6
2026-04-20,AIF001,63.1,80.1,146422,86.7,93.1
2026-04-20,AIF002,79.8,61.4,21738,76.6,85.8
2026-04-20,AIF003,66.1,54.0,19168,85.5,14.2
2026-04-20,AIF004,57.5,28.2,162159,94.1,15.8
2026-04-20,AIF005,60.4,59.7,44898,64.0,35.3
2026-04-20,AIF006,57.6,82.5,120167,85.7,37.5
2026-04-20,AIF007,83.7,72.4,90637,76.6,19.4
2026-04-20,AIF008,69.8,22.9,108509,86.6,54.2
2026-04-20,AIF009,41.3,54.0,73238,69.4,52.1
2026-04-20,AIF010,59.3,53.6,95546,87.4,45.8
2026-04-20,AIF011,48.2,55.8,150782,75.2,21.3
2026-04-20,AIF012,69.2,21.6,118709,64.9,30.6
2026-04-20,AIF013,92.8,36.0,52329,93.0,73.8
2026-04-20,AIF014,83.1,46.3,2538,91.3,36.6
2026-04-20,AIF015,88.0,49.8,108251,69.3,55.4
2026-04-20,AIF016,44.2,21.4,119967,78.3,38.3
2026-04-20,AIF017,54.4,48.1,149458,91.7,57.9
2026-04-20,AIF018,41.3,24.5,103917,69.6,92.3
2026-04-20,AIF019,83.3,26.5,151969,75.7,41.7
2026-04-20,AIF020,82.5,19.7,109449,87.6,28.1
2026-04-20,AIF021,92.8,60.1,158049,81.4,74.7
2026-04-20,AIF022,66.2,45.2,43993,89.3,37.4
2026-04-20,AIF023,80.1,78.3,21657,87.4,43.2
2026-04-20,AIF024,91.9,54.3,119628,95.1,85.3
2026-04-20,AIF025,51.5,43.0,53529,82.9,68.3
2026-04-20,AIF026,96.5,48.6,4487,80.4,37.7
2026-04-20,AIF027,69.1,74.2,179951,74.2,24.5
2026-04-20,AIF028,40.2,35.3,60723,81.4,72.4
2026-04-20,AIF029,85.8,74.6,110707,82.0,90.6
2026-04-20,AIF030,84.3,23.5,101586,73.7,39.7
2026-04-20,AIF031,51.5,19.0,79972,71.9,92.6
2026-04-20,AIF032,91.7,28.1,27042,68.1,40.1
2026-04-20,AIF033,89.3,42.6,13012,62.4,18.7
2026-04-20,AIF034,61.6,29.9,7878,86.2,22.1
2026-04-20,AIF035,69.3,65.9,126420,71.7,68.5
2026-04-20,AIF036,88.4,82.2,51043,82.0,82.5
2026-04-21,AIF001,49.9,50.4,93750,67.4,26.9
2026-04-21,AIF002,67.1,36.6,95892,97.4,46.5
2026-04-21,AIF003,68.7,72.0,50846,95.5,15.7
2026-04-21,AIF004,61.9,36.6,166724,97.7,49.9
2026-04-21,AIF005,69.4,68.0,17762,72.1,8.4
2026-04-21,AIF006,55.1,80.6,132937,90.1,59.0
2026-04-21,AIF007,43.7,54.6,24371,78.4,17.5
2026-04-21,AIF008,57.2,75.5,40948,86.8,72.6
2026-04-21,AIF009,46.0,31.3,150418,84.7,33.6
2026-04-21,AIF010,44.1,78.8,29975,63.6,20.5
2026-04-21,AIF011,70.0,18.4,68114,71.7,10.4
2026-04-21,AIF012,69.4,58.7,41932,83.3,32.7
2026-04-21,AIF013,62.1,22.8,97940,91.6,82.6
2026-04-21,AIF014,85.4,29.1,48221,85.1,15.9
2026-04-21,AIF015,81.2,18.3,145784,73.9,72.3
2026-04-21,AIF016,56.1,83.9,163895,79.2,10.0
2026-04-21,AIF017,80.7,51.5,123988,98.8,65.1
2026-04-21,AIF018,53.1,31.0,111398,82.7,17.8
2026-04-21,AIF019,49.2,82.2,71108,95.9,39.3
2026-04-21,AIF020,58.0,71.6,51091,85.8,54.6
2026-04-21,AIF021,78.5,24.9,18090,87.0,41.9
2026-04-21,AIF022,60.9,37.9,115741,94.1,29.9
2026-04-21,AIF023,51.3,31.8,57356,81.3,9.8
2026-04-21,AIF024,75.8,73.9,112622,81.9,66.4
2026-04-21,AIF025,44.3,56.3,113273,78.6,68.8
2026-04-21,AIF026,53.1,57.8,61289,64.4,69.3
2026-04-21,AIF027,59.1,49.2,34014,85.8,50.9
2026-04-21,AIF028,50.2,52.8,101273,91.3,67.2
2026-04-21,AIF029,88.8,82.5,36055,78.4,52.7
2026-04-21,AIF030,89.2,21.3,156148,72.5,69.8
2026-04-21,AIF031,43.6,79.5,115086,95.1,20.6
2026-04-21,AIF032,77.4,70.8,2542,93.2,56.7
2026-04-21,AIF033,65.2,26.2,160965,66.3,27.6
2026-04-21,AIF034,67.5,68.2,175258,98.4,67.4
2026-04-21,AIF035,89.1,71.3,69276,89.5,13.9
2026-04-21,AIF036,95.6,69.3,65120,63.7,37.3
2026-04-22,AIF001,57.6,37.6,161950,82.2,80.0
2026-04-22,AIF002,95.1,40.2,148972,82.0,18.7
2026-04-22,AIF003,55.1,37.6,84907,85.6,68.0
2026-04-22,AIF004,57.4,76.6,147396,90.0,44.7
2026-04-22,AIF005,84.0,37.4,90831,83.1,30.5
2026-04-22,AIF006,47.5,22.0,105755,69.1,87.8
2026-04-22,AIF007,46.9,57.1,38659,78.7,20.3
2026-04-22,AIF008,81.4,56.8,66024,64.3,39.1
2026-04-22,AIF009,54.7,42.1,115579,72.7,35.6
2026-04-22,AIF010,70.2,24.8,119914,68.1,19.8
2026-04-22,AIF011,65.9,23.4,18966,79.7,91.0
2026-04-22,AIF012,87.2,73.7,113556,97.5,51.0
2026-04-22,AIF013,73.4,64.5,43357,92.7,25.1
2026-04-22,AIF014,79.2,26.1,129088,96.3,28.8
2026-04-22,AIF015,71.0,22.6,137554,76.5,29.3
2026-04-22,AIF016,87.3,81.7,41951,69.2,51.1
2026-04-22,AIF017,41.4,48.5,165509,76.5,39.0
2026-04-22,AIF018,40.3,79.3,131182,94.6,54.5
2026-04-22,AIF019,47.8,55.4,89963,95.8,19.6
2026-04-22,AIF020,43.2,50.3,167377,67.3,67.1
2026-04-22,AIF021,46.7,49.4,61045,96.5,27.8
2026-04-22,AIF022,83.2,21.8,133887,62.4,30.6
2026-04-22,AIF023,92.0,18.5,70937,66.0,24.6
2026-04-22,AIF024,88.3,30.3,53518,74.4,58.7
2026-04-22,AIF025,73.6,29.6,101789,65.0,16.9
2026-04-22,AIF026,93.3,47.5,8480,70.0,41.0
2026-04-22,AIF027,75.1,81.0,116327,81.5,31.3
2026-04-22,AIF028,52.5,45.6,169195,82.1,32.2
2026-04-22,AIF029,84.8,41.7,5757,64.3,16.2
2026-04-22,AIF030,86.1,54.5,178219,76.2,38.6
2026-04-22,AIF031,66.6,26.7,118576,86.2,69.6
2026-04-22,AIF032,89.4,43.2,53920,84.0,33.9
2026-04-22,AIF033,67.1,71.1,6319,90.4,17.9
2026-04-22,AIF034,69.3,56.8,87051,78.7,24.6
2026-04-22,AIF035,83.9,40.9,60653,74.8,18.0
2026-04-22,AIF036,58.8,84.0,127584,71.1,30.5
2026-04-23,AIF001,95.7,78.2,174512,71.3,20.7
2026-04-23,AIF002,40.6,67.9,50546,97.2,61.6
2026-04-23,AIF003,87.7,27.7,59088,70.7,88.5
2026-04-23,AIF004,63.1,48.3,36708,91.6,48.5
2026-04-23,AIF005,92.8,72.5,72871,71.8,38.1
2026-04-23,AIF006,51.7,58.9,45560,94.0,29.7
2026-04-23,AIF007,75.9,36.7,35784,72.3,68.4
2026-04-23,AIF008,47.3,64.0,32252,75.0,19.8
2026-04-23,AIF009,48.2,67.5,48928,85.6,71.0
2026-04-23,AIF010,47.5,83.5,32948,89.1,90.2
2026-04-23,AIF011,83.7,38.0,166450,96.3,61.4
2026-04-23,AIF012,91.4,38.5,11812,90.9,92.8
2026-04-23,AIF013,64.0,45.1,26360,83.8,45.4
2026-04-23,AIF014,64.1,19.0,41438,73.6,88.5
2026-04-23,AIF015,83.7,74.3,184942,84.5,74.5
2026-04-23,AIF016,74.2,63.4,64797,95.9,40.3
2026-04-23,AIF017,51.9,74.0,124723,72.9,83.1
2026-04-23,AIF018,69.1,36.0,118580,74.6,21.5
2026-04-23,AIF019,78.8,53.1,65352,78.9,31.3
2026-04-23,AIF020,82.5,41.3,176221,79.8,27.7
2026-04-23,AIF021,67.3,19.6,156565,73.2,30.5
2026-04-23,AIF022,55.6,26.3,117271,65.2,17.6
2026-04-23,AIF023,68.9,41.2,69515,82.3,10.1
2026-04-23,AIF024,42.4,71.3,88105,88.8,39.8
2026-04-23,AIF025,56.4,78.2,42853,84.3,31.9
2026-04-23,AIF026,44.1,59.4,64990,90.6,18.1
2026-04-23,AIF027,41.4,27.6,25409,62.9,8.4
2026-04-23,AIF028,90.8,42.6,180109,94.9,15.4
2026-04-23,AIF029,85.1,22.2,119097,78.4,85.4
2026-04-23,AIF030,61.2,62.0,76633,66.2,59.7
2026-04-23,AIF031,93.4,51.8,129286,94.0,20.7
2026-04-23,AIF032,79.5,71.0,63205,94.2,93.1
2026-04-23,AIF033,81.5,71.4,167115,69.9,64.1
2026-04-23,AIF034,64.1,34.3,100080,79.9,13.8
2026-04-23,AIF035,66.1,24.1,114218,70.2,31.5
2026-04-23,AIF036,40.8,63.1,53208,90.4,53.1
2026-04-24,AIF001,77.5,56.4,83621,98.6,78.0
2026-04-24,AIF002,79.6,18.9,12585,79.0,69.1
2026-04-24,AIF003,82.5,37.7,85515,82.5,67.8
2026-04-24,AIF004,93.9,76.7,111167,67.4,66.1
2026-04-24,AIF005,65.2,21.9,12984,82.0,35.8
2026-04-24,AIF006,96.8,47.1,82324,92.0,83.3
2026-04-24,AIF007,87.0,69.8,140464,98.4,39.8
2026-04-24,AIF008,54.1,57.4,43440,69.9,70.2
2026-04-24,AIF009,82.4,21.6,15726,95.6,42.5
2026-04-24,AIF010,70.1,38.8,23203,67.0,77.8
2026-04-24,AIF011,89.0,35.2,149276,83.9,72.9
2026-04-24,AIF012,45.0,60.1,36858,71.3,17.7
2026-04-24,AIF013,72.9,44.3,122918,93.4,23.6
2026-04-24,AIF014,55.3,44.4,46429,87.9,44.6
2026-04-24,AIF015,95.0,49.5,20679,84.8,73.5
2026-04-24,AIF016,66.6,31.5,100591,62.0,74.4
2026-04-24,AIF017,47.9,32.8,23645,90.0,79.3
2026-04-24,AIF018,65.7,45.8,30177,70.7,93.7
2026-04-24,AIF019,91.3,47.2,88637,89.0,45.0
2026-04-24,AIF020,76.5,28.4,146537,92.0,47.0
2026-04-24,AIF021,67.3,44.0,60093,94.3,88.5
2026-04-24,AIF022,41.7,69.6,119249,88.4,11.5
2026-04-24,AIF023,58.1,32.5,20050,94.7,28.3
2026-04-24,AIF024,48.4,49.4,104234,90.6,88.0
2026-04-24,AIF025,81.9,83.8,121025,93.5,25.4
2026-04-24,AIF026,62.5,58.5,66844,75.3,76.0
2026-04-24,AIF027,65.6,75.3,1894,76.0,20.7
2026-04-24,AIF028,53.3,57.3,61715,69.2,17.8
2026-04-24,AIF029,95.9,26.3,31807,63.3,65.7
2026-04-24,AIF030,81.5,24.5,172351,77.1,92.7
2026-04-24,AIF031,60.0,42.1,134476,68.1,81.2
2026-04-24,AIF032,84.5,61.8,103114,62.8,46.5
2026-04-24,AIF033,92.5,44.7,138549,98.7,10.4
2026-04-24,AIF034,83.6,28.4,119678,76.4,87.6
2026-04-24,AIF035,47.6,56.4,48852,81.6,73.4
2026-04-24,AIF036,43.1,81.5,109248,68.5,18.4
2026-04-25,AIF001,96.5,79.5,96921,68.7,70.9
2026-04-25,AIF002,89.3,79.2,127227,97.6,8.9
2026-04-25,AIF003,84.9,60.4,79478,86.3,68.9
2026-04-25,AIF004,88.4,19.9,16366,94.5,90.1
2026-04-25,AIF005,72.8,60.0,150805,90.0,8.0
2026-04-25,AIF006,75.5,61.5,72831,81.6,23.4
2026-04-25,AIF007,69.2,34.3,56160,89.7,49.0
2026-04-25,AIF008,89.1,34.1,158096,76.0,10.9
2026-04-25,AIF009,63.3,32.0,71753,96.2,85.9
2026-04-25,AIF010,66.3,78.7,180360,68.5,93.1
2026-04-25,AIF011,78.3,69.8,69153,86.3,53.2
2026-04-25,AIF012,61.2,75.5,78996,89.3,42.8
2026-04-25,AIF013,62.3,25.7,136005,75.1,16.4
2026-04-25,AIF014,92.5,34.2,122120,87.9,31.6
2026-04-25,AIF015,84.9,38.8,95891,71.0,59.2
2026-04-25,AIF016,71.5,74.5,116318,82.1,44.3
2026-04-25,AIF017,59.7,37.9,134428,81.1,88.0
2026-04-25,AIF018,73.1,60.3,32138,89.0,58.0
2026-04-25,AIF019,51.9,66.9,3585,95.3,11.2
2026-04-25,AIF020,40.1,75.5,16407,87.2,58.1
2026-04-25,AIF021,68.1,61.9,150957,63.2,93.1
2026-04-25,AIF022,87.1,54.3,9668,70.0,80.6
2026-04-25,AIF023,58.1,68.1,22179,97.7,12.6
2026-04-25,AIF024,57.1,43.3,73131,84.4,85.5
2026-04-25,AIF025,76.8,44.4,112470,73.1,34.4
2026-04-25,AIF026,92.4,31.7,50814,91.4,93.2
2026-04-25,AIF027,66.2,45.7,179103,97.2,24.6
2026-04-25,AIF028,79.9,67.9,62376,87.7,23.6
2026-04-25,AIF029,62.0,64.5,105288,64.6,73.1
2026-04-25,AIF030,44.0,51.2,10391,91.5,47.0
2026-04-25,AIF031,94.0,41.3,164300,92.0,75.8
2026-04-25,AIF032,54.3,61.1,86002,84.2,71.9
2026-04-25,AIF033,82.8,55.3,18446,88.4,44.3
2026-04-25,AIF034,65.9,66.9,157928,96.5,73.6
2026-04-25,AIF035,86.1,19.3,40585,87.4,23.5
2026-04-25,AIF036,94.5,35.5,156479,89.6,45.7
2026-04-26,AIF001,51.4,53.5,50907,73.6,87.5
2026-04-26,AIF002,62.5,80.9,6339,94.5,67.5
2026-04-26,AIF003,48.6,53.4,61800,93.5,86.5
2026-04-26,AIF004,84.5,25.2,162410,75.0,11.4
2026-04-26,AIF005,88.1,68.8,184866,94.4,93.7
2026-04-26,AIF006,48.8,60.3,99161,74.0,64.7
2026-04-26,AIF007,56.0,78.7,105420,91.4,29.6
2026-04-26,AIF008,73.5,46.7,68968,84.9,35.8
2026-04-26,AIF009,54.6,63.0,70732,72.0,77.7
2026-04-26,AIF010,42.3,23.9,129682,70.6,35.6
2026-04-26,AIF011,96.6,72.5,4887,85.7,68.1
2026-04-26,AIF012,58.7,50.8,69839,98.9,44.7
2026-04-26,AIF013,58.5,19.6,82324,87.9,79.2
2026-04-26,AIF014,83.7,61.4,184659,73.0,58.4
2026-04-26,AIF015,76.3,25.3,97515,76.1,39.6
2026-04-26,AIF016,44.7,30.8,86699,84.7,34.5
2026-04-26,AIF017,94.1,36.1,133060,91.2,23.6
2026-04-26,AIF018,57.3,62.2,43154,96.0,49.6
2026-04-26,AIF019,90.4,70.1,67255,83.9,40.4
2026-04-26,AIF020,83.3,75.5,73234,74.1,41.0
2026-04-26,AIF021,73.7,54.5,34495,84.8,82.1
2026-04-26,AIF022,76.2,70.4,117190,68.3,59.0
2026-04-26,AIF023,57.3,32.6,69751,84.9,64.0
2026-04-26,AIF024,70.2,35.8,61708,62.1,66.8
2026-04-26,AIF025,92.8,53.2,94780,72.4,27.0
2026-04-26,AIF026,48.8,23.2,155538,81.7,93.2
2026-04-26,AIF027,49.8,57.5,112174,77.0,72.6
2026-04-26,AIF028,59.4,78.1,35102,95.5,14.9
2026-04-26,AIF029,48.0,20.7,150782,92.0,56.4
2026-04-26,AIF030,75.5,18.0,121761,77.6,87.4
2026-04-26,AIF031,46.6,23.3,118091,78.7,64.6
2026-04-26,AIF032,44.6,45.4,120034,75.2,46.4
2026-04-26,AIF033,74.3,36.7,36654,80.9,78.5
2026-04-26,AIF034,92.8,30.3,9006,90.2,63.4
2026-04-26,AIF035,70.2,25.9,39018,82.7,61.0
2026-04-26,AIF036,52.6,53.7,175863,63.8,76.3
2026-04-27,AIF001,95.4,80.1,140605,64.2,60.5
2026-04-27,AIF002,43.3,64.2,163082,67.3,19.7
2026-04-27,AIF003,88.8,74.4,152940,75.9,47.1
2026-04-27,AIF004,40.3,79.6,99603,85.9,72.0
2026-04-27,AIF005,94.8,53.7,14629,97.2,22.1
2026-04-27,AIF006,42.6,19.3,67109,72.2,64.0
2026-04-27,AIF007,49.1,56.8,87048,94.3,8.1
2026-04-27,AIF008,70.3,75.8,13651,83.4,84.5
2026-04-27,AIF009,57.5,73.6,9357,65.8,85.1
2026-04-27,AIF010,83.6,25.6,182079,93.0,33.1
2026-04-27,AIF011,75.2,67.3,94152,72.3,51.9
2026-04-27,AIF012,56.5,53.0,98747,67.8,84.4
2026-04-27,AIF013,79.4,29.1,143210,87.8,63.8
2026-04-27,AIF014,88.5,34.5,125014,95.4,14.5
2026-04-27,AIF015,86.4,73.0,97248,66.3,26.2
2026-04-27,AIF016,96.8,48.9,63568,76.8,39.1
2026-04-27,AIF017,75.9,77.5,170389,84.4,80.4
2026-04-27,AIF018,48.8,45.1,69059,81.0,24.1
2026-04-27,AIF019,96.2,34.9,123285,74.4,42.7
2026-04-27,AIF020,85.3,49.0,120185,70.7,87.5
2026-04-27,AIF021,75.4,56.5,94883,97.2,16.1
2026-04-27,AIF022,66.0,50.6,21197,67.3,40.0
2026-04-27,AIF023,75.4,22.6,113806,88.1,68.0
2026-04-27,AIF024,48.4,76.1,67581,95.7,88.3
2026-04-27,AIF025,41.4,40.2,57060,86.4,9.9
2026-04-27,AIF026,61.4,60.9,106324,64.9,65.9
2026-04-27,AIF027,40.9,83.7,77114,98.0,37.1
2026-04-27,AIF028,40.1,20.8,92848,93.1,74.0
2026-04-27,AIF029,67.1,53.6,30781,64.1,32.4
2026-04-27,AIF030,79.2,45.9,85777,98.0,91.4
2026-04-27,AIF031,81.6,34.7,126845,77.9,69.8
2026-04-27,AIF032,44.1,54.3,167079,69.0,70.7
2026-04-27,AIF033,87.6,83.1,181232,93.7,17.1
2026-04-27,AIF034,69.4,55.1,48235,65.1,9.2
2026-04-27,AIF035,41.9,23.4,180784,95.2,49.1
2026-04-27,AIF036,56.3,41.5,88357,95.2,85.1
2026-04-28,AIF001,93.2,81.2,31406,65.8,77.4
2026-04-28,AIF002,43.9,63.2,43109,98.4,87.3
2026-04-28,AIF003,83.8,83.4,55610,72.3,80.3
2026-04-28,AIF004,82.5,83.4,71670,62.5,50.6
2026-04-28,AIF005,76.6,79.1,127017,95.9,17.4
2026-04-28,AIF006,91.2,26.0,136325,89.2,35.9
2026-04-28,AIF007,54.3,23.5,6220,68.7,14.9
2026-04-28,AIF008,84.5,45.8,182547,79.5,61.3
2026-04-28,AIF009,40.7,72.8,42601,65.5,26.6
2026-04-28,AIF010,90.5,60.6,32621,91.9,61.5
2026-04-28,AIF011,46.0,19.9,155296,72.7,27.6
2026-04-28,AIF012,91.7,37.0,71437,88.1,42.2
2026-04-28,AIF013,70.6,27.9,174168,95.4,90.6
2026-04-28,AIF014,62.5,79.8,19065,71.3,13.4
2026-04-28,AIF015,50.4,52.5,52584,77.3,47.5
2026-04-28,AIF016,84.9,55.5,145246,90.2,84.9
2026-04-28,AIF017,82.7,30.3,153567,86.9,51.2
2026-04-28,AIF018,57.2,79.6,83905,94.6,57.6
2026-04-28,AIF019,93.2,36.8,15536,80.2,72.8
2026-04-28,AIF020,69.1,78.2,45434,90.2,40.0
2026-04-28,AIF021,81.4,38.9,139127,97.6,40.2
2026-04-28,AIF022,88.4,48.7,156276,81.1,58.5
2026-04-28,AIF023,90.9,81.2,86386,95.7,72.6
2026-04-28,AIF024,83.5,28.8,57500,95.1,68.7
2026-04-28,AIF025,52.1,25.3,107736,77.6,82.8
2026-04-28,AIF026,70.9,71.0,61254,80.6,28.9
2026-04-28,AIF027,49.3,48.1,180927,95.5,87.9
2026-04-28,AIF028,82.1,74.2,130444,73.3,11.6
2026-04-28,AIF029,64.7,54.7,13721,86.4,11.7
2026-04-28,AIF030,69.7,19.4,28995,64.2,74.7
2026-04-28,AIF031,41.8,58.3,103636,98.7,50.5
2026-04-28,AIF032,88.4,60.5,24250,81.6,10.3
2026-04-28,AIF033,86.0,73.0,61691,88.0,80.5
2026-04-28,AIF034,47.6,38.3,77651,69.8,88.2
2026-04-28,AIF035,47.0,30.0,164821,83.7,62.6
2026-04-28,AIF036,72.4,21.1,118773,75.5,24.6
2026-04-29,AIF001,47.0,40.1,19906,93.7,20.0
2026-04-29,AIF002,75.7,58.4,116388,73.9,68.6
2026-04-29,AIF003,80.3,55.4,66856,74.0,9.5
2026-04-29,AIF004,96.1,74.7,81660,73.1,35.1
2026-04-29,AIF005,91.7,76.7,27335,65.0,65.2
2026-04-29,AIF006,52.3,36.9,95811,79.7,74.2
2026-04-29,AIF007,44.7,69.4,184351,89.6,65.8
2026-04-29,AIF008,91.6,27.5,149910,97.0,78.6
2026-04-29,AIF009,41.9,44.1,80563,67.9,19.0
2026-04-29,AIF010,92.2,56.1,128514,72.0,42.2
2026-04-29,AIF011,48.6,53.4,65738,73.5,64.3
2026-04-29,AIF012,72.2,66.7,115891,63.1,59.1
2026-04-29,AIF013,85.3,38.9,12512,73.2,10.0
2026-04-29,AIF014,91.7,28.6,181865,88.1,70.0
2026-04-29,AIF015,73.1,52.7,21518,96.9,18.8
2026-04-29,AIF016,56.4,55.1,131222,96.3,70.7
2026-04-29,AIF017,41.1,66.7,171941,96.7,85.0
2026-04-29,AIF018,58.7,21.0,90139,72.8,62.1
2026-04-29,AIF019,52.0,29.5,168649,83.0,72.6
2026-04-29,AIF020,78.6,34.5,159730,91.5,15.1
2026-04-29,AIF021,91.9,80.1,127278,93.1,15.1
2026-04-29,AIF022,82.2,54.3,129306,82.1,66.5
2026-04-29,AIF023,72.3,52.0,139921,73.9,53.9
2026-04-29,AIF024,48.2,74.9,86108,90.4,67.7
2026-04-29,AIF025,80.8,63.7,92158,94.6,24.2
2026-04-29,AIF026,80.0,31.1,62000,77.7,76.2
2026-04-29,AIF027,76.8,81.5,148192,78.0,51.2
2026-04-29,AIF028,90.6,63.8,151064,91.0,42.0
2026-04-29,AIF029,63.7,65.1,106220,98.5,79.1
2026-04-29,AIF030,48.6,63.7,101970,81.1,61.3
2026-04-29,AIF031,60.3,23.1,110742,95.8,83.3
2026-04-29,AIF032,74.8,47.5,147200,62.6,25.3
2026-04-29,AIF033,40.2,19.6,111338,67.4,39.5
2026-04-29,AIF034,71.6,41.6,148322,94.7,80.1
2026-04-29,AIF035,53.7,61.9,180011,83.2,59.1
2026-04-29,AIF036,73.9,37.3,69209,97.6,33.9
2026-04-30,AIF001,44.3,25.2,78828,81.4,70.3
2026-04-30,AIF002,42.1,63.0,97682,97.5,77.2
2026-04-30,AIF003,62.7,67.8,27177,62.7,40.0
2026-04-30,AIF004,92.4,54.8,11418,86.0,70.7
2026-04-30,AIF005,85.3,26.2,121816,63.7,47.7
2026-04-30,AIF006,92.3,75.5,57775,95.5,30.3
2026-04-30,AIF007,81.2,39.7,133249,84.9,64.2
2026-04-30,AIF008,93.9,24.6,82685,83.0,11.8
2026-04-30,AIF009,65.4,56.7,23113,97.6,67.4
2026-04-30,AIF010,61.7,52.2,64541,72.1,13.6
2026-04-30,AIF011,88.9,73.4,144121,85.0,16.4
2026-04-30,AIF012,59.9,56.6,55264,69.8,59.8
2026-04-30,AIF013,47.5,34.4,36373,73.8,56.7
2026-04-30,AIF014,53.3,72.2,49897,96.0,20.9
2026-04-30,AIF015,69.1,75.1,17461,94.7,52.9
2026-04-30,AIF016,58.1,32.7,158844,77.1,28.0
2026-04-30,AIF017,61.0,25.9,100880,73.7,40.6
2026-04-30,AIF018,92.8,81.5,120261,80.3,19.8
2026-04-30,AIF019,40.4,49.9,25498,95.3,42.3
2026-04-30,AIF020,81.3,64.3,79982,90.5,43.7
2026-04-30,AIF021,73.3,72.6,152141,96.9,51.8
2026-04-30,AIF022,58.7,53.8,152551,98.9,36.6
2026-04-30,AIF023,54.1,29.6,120362,67.0,36.6
2026-04-30,AIF024,60.1,41.4,51344,98.0,32.1
2026-04-30,AIF025,85.5,69.6,42645,79.1,74.1
2026-04-30,AIF026,92.7,32.6,141760,67.8,13.4
2026-04-30,AIF027,64.4,41.7,130446,90.7,19.7
2026-04-30,AIF028,68.7,70.9,83354,87.3,8.1
2026-04-30,AIF029,96.2,73.0,14541,81.4,82.8
2026-04-30,AIF030,64.1,80.6,32041,86.4,53.4
2026-04-30,AIF031,50.2,74.4,103646,78.5,42.9
2026-04-30,AIF032,72.4,58.8,31879,75.0,44.2
2026-04-30,AIF033,92.4,44.2,147010,64.4,14.8
2026-04-30,AIF034,93.6,45.9,7395,80.4,64.0
2026-04-30,AIF035,41.8,76.8,159150,81.5,71.0
2026-04-30,AIF036,62.7,67.4,126953,68.6,92.3
2026-05-01,AIF001,65.9,32.2,178083,71.0,32.2
2026-05-01,AIF002,53.6,62.8,65480,97.2,60.3
2026-05-01,AIF003,57.8,47.5,171234,64.7,89.5
2026-05-01,AIF004,69.6,66.0,167753,98.0,32.1
2026-05-01,AIF005,73.5,34.6,47277,63.6,93.2
2026-05-01,AIF006,81.2,79.0,125459,97.1,8.5
2026-05-01,AIF007,90.8,20.9,20723,79.9,10.5
2026-05-01,AIF008,73.0,80.1,31645,89.5,81.9
2026-05-01,AIF009,82.4,43.4,85607,75.2,13.9
2026-05-01,AIF010,47.4,21.3,134598,93.9,85.3
2026-05-01,AIF011,63.4,36.0,96388,78.3,57.4
2026-05-01,AIF012,70.0,48.2,160507,68.0,8.6
2026-05-01,AIF013,45.1,75.5,8526,84.7,22.7
2026-05-01,AIF014,47.7,45.5,50514,97.3,17.4
2026-05-01,AIF015,90.1,62.9,125539,90.2,91.2
2026-05-01,AIF016,64.7,30.8,183742,74.6,68.1
2026-05-01,AIF017,91.2,69.7,126783,72.8,23.3
2026-05-01,AIF018,57.6,72.8,171409,63.6,55.1
2026-05-01,AIF019,85.0,71.3,138068,67.7,63.1
2026-05-01,AIF020,95.1,46.1,111997,80.0,91.7
2026-05-01,AIF021,51.1,74.9,175128,95.4,19.1
2026-05-01,AIF022,48.5,74.1,133979,65.7,49.3
2026-05-01,AIF023,47.3,49.2,86019,64.6,13.8
2026-05-01,AIF024,90.7,78.8,154199,77.2,37.3
2026-05-01,AIF025,53.1,50.8,181454,71.4,45.4
2026-05-01,AIF026,46.7,71.2,74125,93.2,90.7
2026-05-01,AIF027,93.2,59.9,182536,65.4,40.6
2026-05-01,AIF028,47.6,30.5,19518,96.9,11.0
2026-05-01,AIF029,70.8,70.8,150320,65.7,39.7
2026-05-01,AIF030,91.5,29.5,163375,82.3,83.5
2026-05-01,AIF031,56.7,43.5,39458,83.6,71.1
2026-05-01,AIF032,57.0,60.4,77271,88.5,25.5
2026-05-01,AIF033,73.9,79.7,143831,78.6,17.4
2026-05-01,AIF034,60.6,30.7,92522,85.9,33.4
2026-05-01,AIF035,91.8,80.8,41419,82.3,81.8
2026-05-01,AIF036,76.5,61.0,15183,96.5,38.2
2026-05-02,AIF001,58.2,31.6,7024,69.2,81.9
2026-05-02,AIF002,86.8,76.1,119810,91.5,15.2
2026-05-02,AIF003,76.1,65.2,12916,94.5,39.1
2026-05-02,AIF004,90.1,70.5,25411,98.2,62.1
2026-05-02,AIF005,96.4,56.0,45937,92.2,75.7
2026-05-02,AIF006,81.1,72.1,33950,82.0,8.6
2026-05-02,AIF007,74.7,60.6,173413,79.3,72.5
2026-05-02,AIF008,63.4,69.9,67149,64.7,74.4
2026-05-02,AIF009,56.0,55.4,165115,71.9,78.8
2026-05-02,AIF010,85.0,42.3,122517,89.0,71.3
2026-05-02,AIF011,91.7,63.3,78140,95.6,30.5
2026-05-02,AIF012,82.0,75.1,128423,74.0,77.0
2026-05-02,AIF013,66.6,69.2,146708,76.0,56.6
2026-05-02,AIF014,51.3,29.1,37999,72.4,49.7
2026-05-02,AIF015,85.7,79.0,81643,87.4,86.3
2026-05-02,AIF016,52.3,62.0,58692,91.6,75.4
2026-05-02,AIF017,42.9,45.7,135145,74.6,78.9
2026-05-02,AIF018,63.3,25.8,110048,62.5,28.0
2026-05-02,AIF019,44.3,59.7,14158,65.3,42.3
2026-05-02,AIF020,64.4,72.1,154463,83.0,28.0
2026-05-02,AIF021,59.7,60.2,70729,66.0,55.3
2026-05-02,AIF022,77.6,30.1,171815,83.4,70.0
2026-05-02,AIF023,96.4,51.9,65869,73.3,74.0
2026-05-02,AIF024,84.2,71.7,61935,91.2,9.4
2026-05-02,AIF025,82.6,51.4,158914,91.3,23.7
2026-05-02,AIF026,56.9,62.8,174107,90.4,67.5
2026-05-02,AIF027,86.6,64.9,126304,76.5,88.8
2026-05-02,AIF028,45.5,75.2,18490,72.5,75.9
2026-05-02,AIF029,82.8,80.2,111040,76.0,65.7
2026-05-02,AIF030,63.3,79.5,128459,87.5,13.2
2026-05-02,AIF031,44.6,45.8,100745,64.4,53.9
2026-05-02,AIF032,64.2,74.3,73426,69.6,35.9
2026-05-02,AIF033,93.1,83.2,67684,74.5,67.5
2026-05-02,AIF034,65.9,48.3,80443,83.6,92.2
2026-05-02,AIF035,89.3,31.2,107304,81.9,60.6
2026-05-02,AIF036,49.7,51.9,118970,88.0,34.4
2026-05-03,AIF001,66.1,27.2,115973,98.2,78.0
2026-05-03,AIF002,88.4,20.8,127527,74.1,8.3
2026-05-03,AIF003,90.2,34.9,53728,92.4,26.7
2026-05-03,AIF004,59.6,50.3,127561,89.2,43.4
2026-05-03,AIF005,88.6,65.0,121255,83.3,64.2
2026-05-03,AIF006,80.2,41.1,175189,92.6,76.3
2026-05-03,AIF007,48.0,41.4,154008,70.9,83.7
2026-05-03,AIF008,75.5,80.4,37225,77.0,72.8
2026-05-03,AIF009,42.9,44.9,173651,87.1,29.7
2026-05-03,AIF010,50.7,83.3,86811,94.7,14.9
2026-05-03,AIF011,62.2,25.5,143434,64.5,47.1
2026-05-03,AIF012,60.0,69.6,55062,79.0,10.9
2026-05-03,AIF013,40.8,55.1,163884,65.0,27.1
2026-05-03,AIF014,50.2,27.3,12649,71.8,78.6
2026-05-03,AIF015,80.6,71.8,126175,81.0,88.4
2026-05-03,AIF016,85.4,65.3,179435,93.6,90.3
2026-05-03,AIF017,62.5,68.9,162931,75.7,42.7
2026-05-03,AIF018,52.2,28.4,179412,97.7,74.9
2026-05-03,AIF019,91.9,19.3,172843,81.3,21.3
2026-05-03,AIF020,54.3,67.4,168905,81.4,73.1
2026-05-03,AIF021,43.0,73.9,28256,64.8,13.6
2026-05-03,AIF022,90.2,68.1,17339,62.5,89.0
2026-05-03,AIF023,72.6,57.2,44900,63.4,49.7
2026-05-03,AIF024,84.8,67.7,132491,88.8,85.1
2026-05-03,AIF025,63.5,37.1,2804,90.2,85.0
2026-05-03,AIF026,48.1,67.1,28307,70.4,54.0
2026-05-03,AIF027,95.6,80.7,102165,90.7,89.8
2026-05-03,AIF028,83.1,35.6,129696,85.2,32.1
2026-05-03,AIF029,92.8,68.9,88302,86.5,36.4
2026-05-03,AIF030,56.9,39.0,134674,91.1,52.2
2026-05-03,AIF031,51.2,58.2,98705,83.9,40.2
2026-05-03,AIF032,61.8,61.8,145694,63.0,55.8
2026-05-03,AIF033,50.6,36.9,50635,85.6,88.7
2026-05-03,AIF034,68.6,48.5,19162,82.2,77.1
2026-05-03,AIF035,44.6,43.7,129340,62.4,48.4
2026-05-03,AIF036,94.9,37.9,20897,73.6,35.7
2026-05-04,AIF001,63.6,81.2,128869,84.3,88.1
2026-05-04,AIF002,45.0,82.3,50309,78.8,68.4
2026-05-04,AIF003,94.5,70.5,157264,82.1,8.2
2026-05-04,AIF004,73.5,42.2,59110,65.3,37.4
2026-05-04,AIF005,61.0,62.4,183661,87.1,9.4
2026-05-04,AIF006,46.2,21.7,151392,79.8,21.7
2026-05-04,AIF007,53.7,49.4,94999,90.7,43.6
2026-05-04,AIF008,62.1,46.6,153101,65.4,13.5
2026-05-04,AIF009,93.3,20.3,13046,87.6,20.4
2026-05-04,AIF010,87.1,58.4,62129,96.3,84.2
2026-05-04,AIF011,58.0,68.5,75192,77.6,56.4
2026-05-04,AIF012,79.0,20.2,75369,73.1,12.9
2026-05-04,AIF013,91.0,37.9,128537,93.4,84.7
2026-05-04,AIF014,45.1,59.8,91484,64.1,50.3
2026-05-04,AIF015,59.4,64.0,43872,92.1,46.6
2026-05-04,AIF016,73.2,64.5,146962,75.1,21.8
2026-05-04,AIF017,78.1,37.0,131926,86.0,52.1
2026-05-04,AIF018,85.9,39.0,40083,74.8,18.1
2026-05-04,AIF019,88.3,20.2,53073,80.9,15.8
2026-05-04,AIF020,89.8,40.2,77317,88.1,46.5
2026-05-04,AIF021,41.2,45.3,122927,74.9,86.7
2026-05-04,AIF022,94.9,71.3,62150,94.1,28.9
2026-05-04,AIF023,58.0,27.5,110645,98.2,86.6
2026-05-04,AIF024,56.5,69.5,42769,66.3,35.3
2026-05-04,AIF025,40.3,42.7,171234,84.6,14.3
2026-05-04,AIF026,91.7,63.4,137879,83.2,63.8
2026-05-04,AIF027,43.7,72.1,139747,82.6,36.0
2026-05-04,AIF028,66.5,19.3,56317,76.7,34.1
2026-05-04,AIF029,78.2,25.7,77157,66.0,64.5
2026-05-04,AIF030,85.7,60.8,2552,79.7,69.5
2026-05-04,AIF031,48.0,40.6,96667,68.7,36.8
2026-05-04,AIF032,49.8,45.3,139073,82.7,44.0
2026-05-04,AIF033,56.1,24.0,41992,68.6,83.8
2026-05-04,AIF034,70.4,79.4,142120,62.9,52.7
2026-05-04,AIF035,43.8,44.0,158239,80.4,40.9
2026-05-04,AIF036,76.9,68.5,2403,88.4,18.5
2026-05-05,AIF001,45.0,81.1,167101,94.6,80.5
2026-05-05,AIF002,64.8,48.3,113957,67.4,46.0
2026-05-05,AIF003,75.2,59.5,19912,77.8,73.2
2026-05-05,AIF004,46.4,33.6,109966,76.9,27.7
2026-05-05,AIF005,89.4,32.9,44042,62.2,82.4
2026-05-05,AIF006,74.5,71.0,23694,90.8,26.0
2026-05-05,AIF007,96.2,83.4,55345,72.0,29.0
2026-05-05,AIF008,85.5,43.9,172279,71.5,37.5
2026-05-05,AIF009,86.5,52.6,110335,93.9,60.4
2026-05-05,AIF010,81.5,40.9,42857,93.6,61.1
2026-05-05,AIF011,97.0,24.7,172580,95.3,84.6
2026-05-05,AIF012,43.2,74.1,149003,64.5,64.0
2026-05-05,AIF013,69.3,47.1,79215,97.9,92.1
2026-05-05,AIF014,74.9,40.0,42612,63.1,37.8
2026-05-05,AIF015,55.2,37.4,125262,87.2,12.2
2026-05-05,AIF016,61.8,41.4,86373,89.1,19.4
2026-05-05,AIF017,95.5,27.6,56727,95.1,13.5
2026-05-05,AIF018,92.3,59.1,182331,86.5,59.1
2026-05-05,AIF019,63.2,26.7,136761,66.1,12.9
2026-05-05,AIF020,64.8,33.4,109382,86.6,55.1
2026-05-05,AIF021,44.2,34.7,112551,95.6,65.8
2026-05-05,AIF022,82.0,43.0,39897,92.6,49.7
2026-05-05,AIF023,82.0,49.3,8073,74.8,26.6
2026-05-05,AIF024,61.9,54.7,102134,83.6,71.8
2026-05-05,AIF025,88.7,59.0,162283,70.1,22.4
2026-05-05,AIF026,41.1,84.0,145257,75.1,45.4
2026-05-05,AIF027,43.9,46.7,55741,66.2,90.8
2026-05-05,AIF028,48.1,48.8,121169,91.6,19.2
2026-05-05,AIF029,67.2,21.0,49572,95.2,66.5
2026-05-05,AIF030,41.7,83.1,114927,67.8,89.4
2026-05-05,AIF031,68.6,70.3,127079,86.8,38.7
2026-05-05,AIF032,59.0,49.6,67589,78.4,44.0
2026-05-05,AIF033,87.4,20.4,128644,91.9,86.9
2026-05-05,AIF034,56.0,58.6,88580,77.4,53.8
2026-05-05,AIF035,60.6,64.4,130555,90.9,32.4
2026-05-05,AIF036,44.1,68.1,120777,68.6,85.4
2026-05-06,AIF001,43.8,28.7,128799,66.5,17.6
2026-05-06,AIF002,77.9,55.1,123416,73.1,69.4
2026-05-06,AIF003,77.2,68.7,68982,95.9,9.7
2026-05-06,AIF004,89.1,59.0,184743,77.2,84.7
2026-05-06,AIF005,73.2,59.3,173830,71.2,81.7
2026-05-06,AIF006,80.9,74.9,125424,73.9,33.6
2026-05-06,AIF007,79.2,71.3,173804,66.9,11.9
2026-05-06,AIF008,52.8,70.9,124689,63.1,22.0
2026-05-06,AIF009,51.8,21.8,180725,72.0,82.1
2026-05-06,AIF010,53.4,74.7,11262,81.7,42.3
2026-05-06,AIF011,84.4,77.6,135718,73.7,28.2
2026-05-06,AIF012,88.5,34.2,52427,66.9,43.0
2026-05-06,AIF013,75.3,64.8,136635,68.6,83.8
2026-05-06,AIF014,79.2,19.6,23455,66.5,84.9
2026-05-06,AIF015,47.4,54.3,136706,89.9,80.2
2026-05-06,AIF016,61.6,45.9,148237,74.9,16.6
2026-05-06,AIF017,53.6,51.5,134833,81.6,36.5
2026-05-06,AIF018,47.3,69.6,68231,66.8,31.0
2026-05-06,AIF019,57.4,82.6,22337,71.5,83.3
2026-05-06,AIF020,46.8,47.9,102204,87.1,36.4
2026-05-06,AIF021,47.9,63.0,12274,73.5,40.0
2026-05-06,AIF022,71.8,67.0,105499,75.2,12.5
2026-05-06,AIF023,94.3,83.7,143803,70.9,79.9
2026-05-06,AIF024,57.5,54.5,135827,96.7,42.5
2026-05-06,AIF025,81.0,76.7,125868,66.5,47.4
2026-05-06,AIF026,94.4,83.1,2295,86.8,35.8
2026-05-06,AIF027,75.8,77.8,116942,81.3,79.9
2026-05-06,AIF028,79.4,54.5,114519,71.9,35.4
2026-05-06,AIF029,49.9,23.2,87276,98.8,62.3
2026-05-06,AIF030,62.9,35.9,54799,72.1,88.3
2026-05-06,AIF031,91.0,41.0,35326,89.2,60.9
2026-05-06,AIF032,73.0,52.3,85817,72.2,47.9
2026-05-06,AIF033,96.7,51.9,16156,77.0,13.7
2026-05-06,AIF034,42.4,39.0,132227,86.8,47.8
2026-05-06,AIF035,44.2,27.1,109865,84.4,8.9
2026-05-06,AIF036,74.9,67.5,127900,90.6,11.8
2026-05-07,AIF001,43.9,63.0,124034,75.1,62.8
2026-05-07,AIF002,84.8,55.4,21737,75.5,13.7
2026-05-07,AIF003,56.0,44.7,65994,80.9,77.4
2026-05-07,AIF004,91.6,59.7,3644,68.8,21.0
2026-05-07,AIF005,44.2,19.8,165975,82.1,53.0
2026-05-07,AIF006,96.8,20.2,118432,81.6,67.1
2026-05-07,AIF007,77.7,61.4,41705,64.4,16.5
2026-05-07,AIF008,59.0,28.3,77210,64.1,50.0
2026-05-07,AIF009,54.8,65.0,159792,98.8,17.3
2026-05-07,AIF010,74.2,29.4,184793,69.6,36.9
2026-05-07,AIF011,93.7,54.8,12280,85.1,55.4
2026-05-07,AIF012,43.6,24.1,49597,73.7,18.2
2026-05-07,AIF013,86.5,75.9,154376,88.9,68.9
2026-05-07,AIF014,58.0,74.9,178443,90.2,40.5
2026-05-07,AIF015,79.6,51.6,126206,98.1,26.5
2026-05-07,AIF016,78.0,24.1,176149,66.1,76.1
2026-05-07,AIF017,61.5,22.6,172098,71.0,83.2
2026-05-07,AIF018,95.0,79.5,48162,85.1,12.0
2026-05-07,AIF019,94.8,42.7,168911,85.1,73.5
2026-05-07,AIF020,61.0,32.8,148449,78.9,67.5
2026-05-07,AIF021,64.8,73.2,30452,98.1,33.6
2026-05-07,AIF022,44.2,74.6,23857,83.6,62.2
2026-05-07,AIF023,47.8,78.0,80797,76.9,34.7
2026-05-07,AIF024,56.3,66.1,28804,62.4,65.9
2026-05-07,AIF025,76.7,60.2,76297,98.5,57.5
2026-05-07,AIF026,50.9,51.1,40813,67.9,10.7
2026-05-07,AIF027,52.3,66.1,21033,74.3,25.7
2026-05-07,AIF028,80.7,83.6,160129,85.6,35.6
2026-05-07,AIF029,58.0,56.9,64661,80.0,39.1
2026-05-07,AIF030,77.9,23.1,98723,90.9,64.7
2026-05-07,AIF031,87.6,77.8,163166,97.9,43.4
2026-05-07,AIF032,85.7,18.9,134253,87.3,43.1
2026-05-07,AIF033,74.4,61.6,55075,63.9,64.6
2026-05-07,AIF034,85.6,62.9,104212,93.4,80.8
2026-05-07,AIF035,81.9,50.9,88012,86.9,42.3
2026-05-07,AIF036,50.4,75.0,61851,63.9,58.2
2026-05-08,AIF001,47.9,43.2,99391,82.2,31.2
2026-05-08,AIF002,74.7,22.5,172983,94.9,30.6
2026-05-08,AIF003,69.7,58.6,66698,79.8,65.6
2026-05-08,AIF004,62.8,79.4,105016,80.4,39.4
2026-05-08,AIF005,48.5,28.7,120854,67.5,67.2
2026-05-08,AIF006,75.3,54.6,31875,74.3,8.4
2026-05-08,AIF007,90.3,72.4,160500,83.7,34.7
2026-05-08,AIF008,51.7,80.4,141688,91.4,73.6
2026-05-08,AIF009,58.0,66.8,147585,62.4,86.5
2026-05-08,AIF010,64.1,28.9,54162,88.4,37.3
2026-05-08,AIF011,77.1,18.2,71560,83.8,26.7
2026-05-08,AIF012,42.0,21.9,11352,85.5,18.2
2026-05-08,AIF013,89.8,47.6,10240,76.5,92.5
2026-05-08,AIF014,93.1,47.8,95193,71.2,32.6
2026-05-08,AIF015,59.3,79.6,159533,98.1,83.4
2026-05-08,AIF016,56.6,49.7,104403,77.5,92.3
2026-05-08,AIF017,82.7,33.6,41010,75.1,28.3
2026-05-08,AIF018,71.3,57.5,35703,66.8,50.1
2026-05-08,AIF019,42.7,34.2,54627,82.5,81.0
2026-05-08,AIF020,50.9,48.2,88219,73.8,16.9
2026-05-08,AIF021,81.2,62.1,143318,75.1,55.1
2026-05-08,AIF022,79.0,64.8,123486,97.6,17.3
2026-05-08,AIF023,91.2,52.5,136898,89.8,37.1
2026-05-08,AIF024,58.4,58.1,20722,72.4,84.5
2026-05-08,AIF025,91.0,40.3,143379,71.7,15.3
2026-05-08,AIF026,60.1,46.0,165961,69.9,63.8
2026-05-08,AIF027,60.0,60.5,22270,63.5,51.1
2026-05-08,AIF028,51.5,74.0,87268,92.1,81.5
2026-05-08,AIF029,95.3,45.8,166992,88.6,36.1
2026-05-08,AIF030,83.8,34.6,152727,84.0,90.2
2026-05-08,AIF031,44.7,64.8,149533,95.1,40.1
2026-05-08,AIF032,63.1,49.3,5659,89.1,89.2
2026-05-08,AIF033,47.4,37.5,13915,91.8,39.4
2026-05-08,AIF034,50.1,34.8,169838,87.6,78.2
2026-05-08,AIF035,56.4,24.7,150788,98.8,55.8
2026-05-08,AIF036,47.8,25.9,105898,71.7,75.8
2026-05-09,AIF001,68.3,47.5,28789,79.3,74.2
2026-05-09,AIF002,60.0,83.2,78096,75.7,83.3
2026-05-09,AIF003,72.2,53.5,7993,85.5,13.3
2026-05-09,AIF004,55.9,59.9,91499,65.5,26.0
2026-05-09,AIF005,66.1,25.7,150980,68.0,51.7
2026-05-09,AIF006,66.3,71.7,23075,86.9,78.6
2026-05-09,AIF007,83.0,28.8,151290,82.9,89.7
2026-05-09,AIF008,54.5,27.3,145359,74.3,56.5
2026-05-09,AIF009,62.1,42.5,100296,85.9,68.9
2026-05-09,AIF010,56.2,18.8,142402,72.2,10.9
2026-05-09,AIF011,63.0,21.3,181350,85.8,63.7
2026-05-09,AIF012,57.6,69.1,112218,78.9,73.0
2026-05-09,AIF013,68.3,56.6,37339,95.8,30.5
2026-05-09,AIF014,92.8,37.2,79988,89.0,22.0
2026-05-09,AIF015,80.3,59.2,157426,65.9,16.4
2026-05-09,AIF016,40.2,76.7,46699,86.7,93.4
2026-05-09,AIF017,88.2,51.1,167062,87.0,54.9
2026-05-09,AIF018,71.9,59.1,61943,63.1,36.6
2026-05-09,AIF019,45.5,79.0,11355,73.5,18.4
2026-05-09,AIF020,41.0,66.9,148963,73.1,60.0
2026-05-09,AIF021,85.6,41.1,181484,95.1,74.8
2026-05-09,AIF022,86.4,52.3,21862,71.9,86.7
2026-05-09,AIF023,89.2,63.6,21576,70.5,62.3
2026-05-09,AIF024,73.9,77.0,170970,67.6,52.9
2026-05-09,AIF025,63.0,64.9,32938,71.4,73.0
2026-05-09,AIF026,87.9,28.2,87422,75.7,16.4
2026-05-09,AIF027,64.8,62.5,14244,65.6,60.2
2026-05-09,AIF028,50.6,77.2,70978,95.5,27.9
2026-05-09,AIF029,67.6,23.3,94201,84.7,10.2
2026-05-09,AIF030,51.1,81.5,106783,70.1,66.5
2026-05-09,AIF031,52.9,64.9,133875,96.5,89.1
2026-05-09,AIF032,48.3,82.5,75677,98.7,31.6
2026-05-09,AIF033,66.3,41.5,90076,91.2,68.5
2026-05-09,AIF034,42.4,58.7,152710,85.6,77.9
2026-05-09,AIF035,50.4,44.4,26200,95.9,57.8
2026-05-09,AIF036,70.2,68.5,3980,84.1,63.7
2026-05-10,AIF001,49.3,62.0,77993,70.4,52.1
2026-05-10,AIF002,59.4,51.7,140935,63.3,61.6
2026-05-10,AIF003,63.5,48.7,100100,90.3,55.6
2026-05-10,AIF004,60.9,39.7,133880,84.8,63.8
2026-05-10,AIF005,47.6,36.5,22574,77.2,73.8
2026-05-10,AIF006,96.5,28.0,42660,87.9,88.7
2026-05-10,AIF007,72.0,25.8,154055,84.6,82.5
2026-05-10,AIF008,92.4,18.9,77185,91.4,10.4
2026-05-10,AIF009,51.9,51.9,50949,64.9,35.3
2026-05-10,AIF010,48.6,24.2,18531,62.7,55.7
2026-05-10,AIF011,85.1,19.4,41604,65.0,32.3
2026-05-10,AIF012,87.3,76.1,50346,75.5,50.2
2026-05-10,AIF013,62.9,75.4,40566,82.5,74.4
2026-05-10,AIF014,47.6,38.0,30371,67.9,74.0
2026-05-10,AIF015,71.1,60.6,134450,79.6,50.2
2026-05-10,AIF016,49.8,66.1,181787,94.2,86.4
2026-05-10,AIF017,57.4,74.7,168265,92.0,45.0
2026-05-10,AIF018,77.1,24.9,181609,96.6,15.2
2026-05-10,AIF019,65.3,27.8,120495,74.9,28.1
2026-05-10,AIF020,84.6,83.5,137151,63.1,78.2
2026-05-10,AIF021,73.8,29.1,64777,64.8,73.6
2026-05-10,AIF022,57.4,24.1,151902,95.3,39.7
2026-05-10,AIF023,96.1,20.9,32645,92.9,34.6
2026-05-10,AIF024,63.3,18.9,107281,92.5,90.7
2026-05-10,AIF025,59.0,30.5,127015,62.9,44.0
2026-05-10,AIF026,71.3,60.1,167668,97.1,79.3
2026-05-10,AIF027,92.9,37.6,122072,81.1,59.1
2026-05-10,AIF028,70.8,48.2,35932,67.9,17.2
2026-05-10,AIF029,49.1,21.9,159110,97.8,11.7
2026-05-10,AIF030,73.1,78.3,133639,95.7,57.5
2026-05-10,AIF031,69.0,59.6,82574,88.2,47.8
2026-05-10,AIF032,95.2,77.3,55644,90.3,32.5
2026-05-10,AIF033,71.8,63.8,85367,80.9,42.0
2026-05-10,AIF034,88.6,53.2,8355,95.3,67.7
2026-05-10,AIF035,89.0,27.2,10508,78.3,29.6
2026-05-10,AIF036,64.4,72.0,16384,70.1,22.0
2026-05-11,AIF001,84.0,51.9,12894,84.6,57.0
2026-05-11,AIF002,49.4,33.8,155503,79.5,11.6
2026-05-11,AIF003,56.3,54.3,34554,81.0,64.2
2026-05-11,AIF004,90.5,55.0,67758,70.3,35.4
2026-05-11,AIF005,47.1,70.5,81862,63.3,33.7
2026-05-11,AIF006,71.3,34.0,82410,92.9,25.9
2026-05-11,AIF007,57.4,62.4,175378,76.5,25.7
2026-05-11,AIF008,56.8,83.1,87820,82.1,52.2
2026-05-11,AIF009,81.6,77.0,37580,84.0,62.4
2026-05-11,AIF010,60.6,27.0,68420,84.3,39.2
2026-05-11,AIF011,71.7,78.2,25843,93.3,26.5
2026-05-11,AIF012,93.1,74.4,10886,71.0,31.9
2026-05-11,AIF013,90.6,66.4,153123,88.0,50.3
2026-05-11,AIF014,60.1,50.9,155647,95.7,87.3
2026-05-11,AIF015,96.4,76.4,86649,83.9,78.3
2026-05-11,AIF016,73.1,30.5,38163,65.6,42.9
2026-05-11,AIF017,78.8,39.4,47486,65.9,82.3
2026-05-11,AIF018,73.8,57.3,180432,93.8,30.1
2026-05-11,AIF019,96.7,50.1,42848,73.6,9.2
2026-05-11,AIF020,52.5,28.7,127203,74.0,22.3
2026-05-11,AIF021,69.6,32.4,50835,93.9,65.5
2026-05-11,AIF022,69.4,71.3,172802,83.3,83.4
2026-05-11,AIF023,57.5,83.0,121307,93.4,81.3
2026-05-11,AIF024,94.5,32.7,34006,64.1,36.8
2026-05-11,AIF025,77.6,26.1,104594,94.4,54.9
2026-05-11,AIF026,68.2,62.8,130662,77.5,77.6
2026-05-11,AIF027,90.9,81.5,173380,78.2,20.5
2026-05-11,AIF028,61.0,54.0,128168,67.3,37.6
2026-05-11,AIF029,95.0,27.2,23561,83.9,14.8
2026-05-11,AIF030,79.0,66.9,53213,64.3,18.4
2026-05-11,AIF031,48.9,30.6,149643,70.9,37.2
2026-05-11,AIF032,69.4,18.4,132907,69.9,21.3
2026-05-11,AIF033,64.2,37.3,46589,87.2,28.8
2026-05-11,AIF034,43.2,48.9,64727,80.4,74.8
2026-05-11,AIF035,47.8,68.8,183366,85.0,47.5
2026-05-11,AIF036,53.4,33.0,132353,66.3,65.4
2026-05-12,AIF001,50.6,40.9,98612,89.5,12.7
2026-05-12,AIF002,88.0,21.4,139168,69.8,34.4
2026-05-12,AIF003,73.1,23.7,10783,93.1,29.3
2026-05-12,AIF004,70.8,48.9,173545,68.0,71.9
2026-05-12,AIF005,47.1,23.4,79764,78.0,71.3
2026-05-12,AIF006,88.2,73.2,81203,64.3,90.8
2026-05-12,AIF007,40.8,48.8,66806,68.2,84.4
2026-05-12,AIF008,51.4,41.7,149119,89.7,23.7
2026-05-12,AIF009,52.7,50.2,62369,81.6,82.0
2026-05-12,AIF010,57.3,57.4,98485,84.3,37.0
2026-05-12,AIF011,53.0,53.4,45475,82.3,91.7
2026-05-12,AIF012,86.9,66.6,43721,74.3,27.3
2026-05-12,AIF013,54.9,57.6,55155,91.5,32.3
2026-05-12,AIF014,55.8,19.7,147540,94.6,63.0
2026-05-12,AIF015,86.4,63.3,103377,75.6,58.2
2026-05-12,AIF016,41.5,26.7,123342,92.3,41.6
2026-05-12,AIF017,73.3,77.4,139053,88.3,81.1
2026-05-12,AIF018,83.3,22.9,128560,98.4,14.6
2026-05-12,AIF019,74.9,28.7,37318,96.6,62.8
2026-05-12,AIF020,70.8,59.8,143005,92.0,74.3
2026-05-12,AIF021,95.9,51.3,175946,76.7,22.7
2026-05-12,AIF022,94.2,20.9,119023,93.0,12.4
2026-05-12,AIF023,54.9,60.6,57295,86.6,83.9
2026-05-12,AIF024,55.4,29.5,174790,74.9,13.3
2026-05-12,AIF025,92.4,56.6,169542,73.6,88.8
2026-05-12,AIF026,63.5,55.5,65048,63.0,19.1
2026-05-12,AIF027,51.1,43.5,43246,69.2,24.9
2026-05-12,AIF028,80.8,50.5,24844,98.6,89.3
2026-05-12,AIF029,77.8,66.6,21707,83.2,60.1
2026-05-12,AIF030,43.1,75.0,43991,85.3,91.2
2026-05-12,AIF031,82.7,32.3,82222,93.1,13.3
2026-05-12,AIF032,55.1,36.5,116151,77.8,61.9
2026-05-12,AIF033,41.9,32.8,38248,95.9,41.3
2026-05-12,AIF034,48.3,78.4,59209,76.5,66.1
2026-05-12,AIF035,55.9,20.3,182062,66.7,39.6
2026-05-12,AIF036,52.7,37.3,164510,62.4,61.7
2026-05-13,AIF001,87.5,40.2,103092,88.2,84.8
2026-05-13,AIF002,86.8,47.5,22495,87.8,33.7
2026-05-13,AIF003,62.1,55.3,34622,73.8,88.0
2026-05-13,AIF004,77.4,46.7,81705,91.5,18.5
2026-05-13,AIF005,51.2,36.1,65631,81.1,84.5
2026-05-13,AIF006,84.0,75.8,75892,66.1,40.3
2026-05-13,AIF007,80.8,51.1,113820,69.3,39.4
2026-05-13,AIF008,60.1,23.6,74501,63.8,48.9
2026-05-13,AIF009,61.7,38.2,84586,65.8,89.1
2026-05-13,AIF010,43.8,55.6,168016,82.2,75.4
2026-05-13,AIF011,89.3,40.5,126770,79.9,26.3
2026-05-13,AIF012,69.1,29.0,68258,72.9,68.0
2026-05-13,AIF013,83.9,25.5,83971,96.3,93.3
2026-05-13,AIF014,59.4,25.9,44177,71.9,35.9
2026-05-13,AIF015,63.8,49.8,42056,86.4,46.4
2026-05-13,AIF016,94.5,67.8,95396,76.0,93.6
2026-05-13,AIF017,45.5,54.1,87297,78.1,15.1
2026-05-13,AIF018,83.3,48.6,122630,73.4,70.9
2026-05-13,AIF019,46.9,47.4,171411,65.4,73.4
2026-05-13,AIF020,95.9,31.4,37111,65.0,67.6
2026-05-13,AIF021,48.6,34.8,127593,90.9,77.4
2026-05-13,AIF022,68.8,19.9,111061,99.0,15.5
2026-05-13,AIF023,79.5,35.0,124473,88.9,31.8
2026-05-13,AIF024,47.7,23.5,83753,72.1,18.0
2026-05-13,AIF025,69.0,74.0,125404,90.1,24.2
2026-05-13,AIF026,79.4,36.3,140818,87.1,79.0
2026-05-13,AIF027,87.6,41.1,166065,88.9,56.6
2026-05-13,AIF028,70.3,47.0,27491,87.3,31.1
2026-05-13,AIF029,40.9,59.0,172729,63.7,12.4
2026-05-13,AIF030,94.6,37.9,82202,92.4,75.1
2026-05-13,AIF031,62.0,54.4,124075,92.6,16.9
2026-05-13,AIF032,69.1,26.1,126662,88.2,40.0
2026-05-13,AIF033,43.2,80.5,57852,65.1,18.3
2026-05-13,AIF034,49.7,40.5,77933,66.3,93.6
2026-05-13,AIF035,81.3,82.7,18588,74.1,58.9
2026-05-13,AIF036,81.8,33.0,98227,94.3,60.1
2026-05-14,AIF001,90.8,76.5,26245,67.5,41.0
2026-05-14,AIF002,92.5,43.4,64902,71.1,27.3
2026-05-14,AIF003,87.4,80.5,33545,95.7,71.4
2026-05-14,AIF004,42.0,76.6,168545,94.5,61.6
2026-05-14,AIF005,70.9,60.5,55293,80.7,48.7
2026-05-14,AIF006,86.4,34.0,130515,76.4,38.1
2026-05-14,AIF007,77.2,28.9,62777,90.9,44.0
2026-05-14,AIF008,75.0,81.6,97674,74.0,65.1
2026-05-14,AIF009,41.7,75.5,96008,85.2,14.3
2026-05-14,AIF010,80.1,64.5,114952,88.7,21.4
2026-05-14,AIF011,75.6,75.1,24085,91.6,38.6
2026-05-14,AIF012,61.8,41.5,15812,81.8,38.4
2026-05-14,AIF013,93.2,83.4,116690,95.6,63.7
2026-05-14,AIF014,61.2,65.8,30850,77.3,22.4
2026-05-14,AIF015,71.8,60.5,165629,82.9,67.7
2026-05-14,AIF016,72.6,18.2,177894,66.1,51.5
2026-05-14,AIF017,74.1,18.7,111708,75.5,90.8
2026-05-14,AIF018,58.3,65.2,169716,95.0,51.3
2026-05-14,AIF019,51.4,24.8,85090,86.1,17.9
2026-05-14,AIF020,91.0,69.7,85757,66.1,52.6
2026-05-14,AIF021,65.3,52.9,101153,70.1,26.8
2026-05-14,AIF022,76.5,43.7,176592,77.2,90.1
2026-05-14,AIF023,50.6,60.3,174251,79.3,42.7
2026-05-14,AIF024,89.3,76.0,37879,98.7,23.3
2026-05-14,AIF025,50.3,75.7,9727,76.2,72.9
2026-05-14,AIF026,50.0,68.3,84275,67.5,70.5
2026-05-14,AIF027,52.6,80.1,87489,77.7,57.0
2026-05-14,AIF028,45.4,39.9,151713,87.8,90.8
2026-05-14,AIF029,94.0,57.5,91841,70.6,62.4
2026-05-14,AIF030,63.5,32.2,115418,76.3,56.8
2026-05-14,AIF031,76.7,18.2,53613,75.2,89.8
2026-05-14,AIF032,76.5,73.1,10228,82.0,22.0
2026-05-14,AIF033,73.9,68.0,50862,69.0,59.9
2026-05-14,AIF034,86.0,68.1,137010,81.1,26.4
2026-05-14,AIF035,85.0,71.1,87524,78.5,86.5
2026-05-14,AIF036,82.7,18.4,114854,91.3,42.5
2026-05-15,AIF001,79.9,64.7,175903,98.7,25.6
2026-05-15,AIF002,69.2,76.6,63951,95.5,41.2
2026-05-15,AIF003,82.9,76.7,81559,62.8,12.2
2026-05-15,AIF004,71.0,62.3,144075,64.0,41.1
2026-05-15,AIF005,40.6,40.0,170890,87.8,10.8
2026-05-15,AIF006,79.3,62.0,172646,93.4,72.3
2026-05-15,AIF007,66.6,50.8,138181,63.3,9.9
2026-05-15,AIF008,69.4,78.1,54643,95.1,90.3
2026-05-15,AIF009,61.3,81.5,6878,89.7,45.3
2026-05-15,AIF010,90.0,80.0,148116,69.1,57.0
2026-05-15,AIF011,53.1,20.3,1866,64.7,44.6
2026-05-15,AIF012,90.2,77.4,32265,72.9,75.6
2026-05-15,AIF013,62.8,41.8,29593,88.2,20.3
2026-05-15,AIF014,46.0,70.6,130741,73.6,10.4
2026-05-15,AIF015,45.0,83.2,157876,68.6,35.7
2026-05-15,AIF016,47.5,71.1,107538,94.8,30.8
2026-05-15,AIF017,62.5,55.2,164735,78.8,62.1
2026-05-15,AIF018,80.7,64.6,112960,81.9,38.3
2026-05-15,AIF019,78.3,56.2,66549,95.3,37.2
2026-05-15,AIF020,60.2,32.8,115580,63.5,47.2
2026-05-15,AIF021,56.3,48.5,124628,96.9,21.6
2026-05-15,AIF022,44.6,79.0,127621,70.1,30.6
2026-05-15,AIF023,64.3,68.8,39589,72.3,47.7
2026-05-15,AIF024,49.9,83.5,173939,71.3,20.1
2026-05-15,AIF025,74.9,41.9,183971,93.3,81.5
2026-05-15,AIF026,80.3,24.5,51513,62.7,44.0
2026-05-15,AIF027,59.9,46.8,120218,88.4,86.8
2026-05-15,AIF028,59.8,38.5,67215,78.4,36.8
2026-05-15,AIF029,85.6,81.7,123045,86.2,30.4
2026-05-15,AIF030,61.2,31.5,91773,67.1,78.0
2026-05-15,AIF031,75.9,68.7,183641,97.3,76.1
2026-05-15,AIF032,62.1,51.1,2994,64.8,77.4
2026-05-15,AIF033,54.8,49.5,28157,64.7,22.8
2026-05-15,AIF034,56.8,29.8,137503,81.7,36.7
2026-05-15,AIF035,87.2,35.0,24092,84.5,32.2
2026-05-15,AIF036,84.2,76.9,119908,69.7,48.3
2026-05-16,AIF001,44.0,70.5,89659,91.1,72.9
2026-05-16,AIF002,70.0,78.8,51883,74.9,86.8
2026-05-16,AIF003,68.4,72.5,72533,96.0,66.1
2026-05-16,AIF004,72.3,56.9,21647,95.0,66.6
2026-05-16,AIF005,54.1,82.6,64531,95.5,26.4
2026-05-16,AIF006,40.4,54.2,94720,67.2,11.2
2026-05-16,AIF007,61.8,79.6,137249,89.2,53.1
2026-05-16,AIF008,69.2,29.5,22912,82.9,79.6
2026-05-16,AIF009,91.4,47.5,32268,88.3,54.1
2026-05-16,AIF010,40.1,19.5,161523,83.5,46.6
2026-05-16,AIF011,72.1,67.0,17424,95.3,58.6
2026-05-16,AIF012,96.7,54.9,159943,73.4,71.5
2026-05-16,AIF013,82.6,59.7,88247,79.8,12.8
2026-05-16,AIF014,89.5,55.3,51831,89.1,42.5
2026-05-16,AIF015,53.6,61.8,23139,80.4,47.8
2026-05-16,AIF016,60.4,54.6,25624,65.4,69.8
2026-05-16,AIF017,84.6,18.2,145329,80.8,83.5
2026-05-16,AIF018,59.9,50.3,94095,65.4,74.5
2026-05-16,AIF019,95.6,75.6,30669,86.0,12.2
2026-05-16,AIF020,66.8,76.1,153376,79.6,43.8
2026-05-16,AIF021,46.3,64.4,144266,85.3,43.0
2026-05-16,AIF022,88.9,40.9,34641,98.5,80.6
2026-05-16,AIF023,75.3,57.6,144539,93.2,26.8
2026-05-16,AIF024,73.5,61.5,40660,73.2,66.4
2026-05-16,AIF025,51.4,32.7,103270,92.8,52.6
2026-05-16,AIF026,65.7,51.7,6413,63.0,62.5
2026-05-16,AIF027,52.3,38.0,37995,98.3,38.5
2026-05-16,AIF028,89.2,60.1,39892,75.2,16.8
2026-05-16,AIF029,44.8,72.7,32505,90.6,17.6
2026-05-16,AIF030,64.8,58.6,111011,86.7,9.9
2026-05-16,AIF031,74.8,20.2,134963,83.7,61.2
2026-05-16,AIF032,42.8,63.1,100785,65.2,11.3
2026-05-16,AIF033,55.0,64.0,151468,73.5,15.0
2026-05-16,AIF034,87.5,48.6,139748,66.7,18.4
2026-05-16,AIF035,74.7,55.7,147942,95.5,19.0
2026-05-16,AIF036,54.8,36.2,118741,91.3,22.6
2026-05-17,AIF001,59.6,80.7,61028,74.7,91.0
2026-05-17,AIF002,47.5,39.4,89220,69.5,56.4
2026-05-17,AIF003,87.3,28.9,58518,92.3,41.7
2026-05-17,AIF004,87.4,21.6,94487,96.5,90.8
2026-05-17,AIF005,76.8,21.8,147665,82.1,75.4
2026-05-17,AIF006,42.2,65.4,157516,88.5,68.0
2026-05-17,AIF007,77.3,81.3,62538,91.8,66.4
2026-05-17,AIF008,77.3,61.8,4781,77.0,58.1
2026-05-17,AIF009,59.3,37.9,116097,92.6,80.1
2026-05-17,AIF010,51.1,26.5,52178,84.7,83.5
2026-05-17,AIF011,91.9,45.6,78215,75.7,24.4
2026-05-17,AIF012,68.3,44.5,62602,98.6,16.6
2026-05-17,AIF013,87.5,34.7,34639,85.3,49.2
2026-05-17,AIF014,42.4,34.2,51614,62.8,32.8
2026-05-17,AIF015,49.7,41.0,10836,87.2,23.6
2026-05-17,AIF016,52.2,49.5,75822,73.1,13.5
2026-05-17,AIF017,66.0,49.2,163463,73.5,18.3
2026-05-17,AIF018,57.3,60.5,78692,88.4,10.8
2026-05-17,AIF019,86.3,39.8,181520,74.2,44.5
2026-05-17,AIF020,89.3,73.3,139993,96.0,74.4
2026-05-17,AIF021,79.6,76.4,95325,72.1,93.8
2026-05-17,AIF022,83.7,20.8,52612,91.8,44.4
2026-05-17,AIF023,54.0,60.1,90898,78.8,64.3
2026-05-17,AIF024,45.5,76.3,183437,83.5,78.3
2026-05-17,AIF025,67.6,52.7,165712,85.1,48.0
2026-05-17,AIF026,59.9,52.6,67780,86.4,65.9
2026-05-17,AIF027,92.4,83.6,146371,85.6,84.8
2026-05-17,AIF028,61.1,54.4,142278,83.2,71.3
2026-05-17,AIF029,60.2,58.6,74385,78.7,77.4
2026-05-17,AIF030,75.5,42.2,93391,72.8,47.3
2026-05-17,AIF031,40.8,65.1,35422,74.5,74.0
2026-05-17,AIF032,87.7,54.0,24006,87.7,79.3
2026-05-17,AIF033,62.8,29.5,148462,63.6,82.4
2026-05-17,AIF034,55.1,42.0,32434,90.9,10.2
2026-05-17,AIF035,95.3,22.9,114027,89.2,29.6
2026-05-17,AIF036,95.7,66.0,80002,79.8,51.7
2026-05-18,AIF001,61.8,58.7,97428,85.8,92.4
2026-05-18,AIF002,47.6,70.1,108633,78.1,80.7
2026-05-18,AIF003,52.7,18.1,133834,72.0,46.0
2026-05-18,AIF004,56.7,79.8,70822,82.1,69.2
2026-05-18,AIF005,66.2,20.1,49007,82.1,9.5
2026-05-18,AIF006,92.9,43.9,130034,90.1,89.7
2026-05-18,AIF007,85.3,42.8,119983,72.2,31.3
2026-05-18,AIF008,77.7,67.6,134668,67.5,29.2
2026-05-18,AIF009,57.0,25.4,90281,84.9,49.7
2026-05-18,AIF010,75.4,21.4,70958,79.4,48.9
2026-05-18,AIF011,76.4,55.2,13211,77.3,32.8
2026-05-18,AIF012,49.0,81.5,136041,79.6,18.6
2026-05-18,AIF013,75.1,78.6,80211,85.0,9.9
2026-05-18,AIF014,47.4,84.0,63014,64.8,13.0
2026-05-18,AIF015,89.2,82.5,48522,95.4,87.2
2026-05-18,AIF016,65.4,68.0,96610,68.1,25.3
2026-05-18,AIF017,61.8,80.8,79910,91.5,74.1
2026-05-18,AIF018,93.5,66.9,130115,91.3,14.3
2026-05-18,AIF019,53.9,68.4,41270,87.8,79.4
2026-05-18,AIF020,41.9,78.0,142483,63.1,72.3
2026-05-18,AIF021,53.1,32.7,144057,87.4,40.4
2026-05-18,AIF022,73.8,22.2,48174,91.9,85.3
2026-05-18,AIF023,76.7,79.4,10928,65.3,30.8
2026-05-18,AIF024,40.5,48.5,96722,66.7,69.7
2026-05-18,AIF025,85.9,35.8,94587,67.7,66.4
2026-05-18,AIF026,56.8,69.4,122422,67.8,65.3
2026-05-18,AIF027,54.5,51.0,38600,78.5,56.2
2026-05-18,AIF028,43.2,63.4,174085,81.0,79.7
2026-05-18,AIF029,46.2,40.6,126839,99.0,33.5
2026-05-18,AIF030,43.3,24.0,57043,88.9,25.2
2026-05-18,AIF031,84.4,52.3,48140,63.0,21.7
2026-05-18,AIF032,88.2,39.8,67234,76.1,78.1
2026-05-18,AIF033,43.8,30.7,29713,88.2,66.1
2026-05-18,AIF034,45.8,65.3,99250,68.2,16.8
2026-05-18,AIF035,94.5,83.7,63342,64.4,76.9
2026-05-18,AIF036,46.2,44.5,171401,77.5,33.9
2026-05-19,AIF001,88.6,29.6,160008,69.0,37.3
2026-05-19,AIF002,65.5,29.4,75298,87.7,23.0
2026-05-19,AIF003,44.1,23.7,73861,84.5,74.7
2026-05-19,AIF004,40.2,20.9,129939,83.2,35.8
2026-05-19,AIF005,82.5,59.0,28890,82.7,39.6
2026-05-19,AIF006,92.9,73.9,42569,65.6,63.4
2026-05-19,AIF007,59.3,27.6,153926,90.7,40.2
2026-05-19,AIF008,72.3,32.8,4956,84.1,42.5
2026-05-19,AIF009,68.9,62.5,113870,73.8,37.9
2026-05-19,AIF010,43.4,67.9,98822,76.8,84.5
2026-05-19,AIF011,56.3,45.0,58116,78.0,87.9
2026-05-19,AIF012,60.7,36.7,79866,98.9,57.1
2026-05-19,AIF013,72.4,21.8,97838,80.1,38.6
2026-05-19,AIF014,66.9,26.6,49931,62.7,61.2
2026-05-19,AIF015,71.9,47.1,129050,77.7,15.9
2026-05-19,AIF016,75.7,56.9,109644,73.2,89.8
2026-05-19,AIF017,70.7,48.7,156127,81.6,67.4
2026-05-19,AIF018,89.0,32.3,49622,75.7,68.4
2026-05-19,AIF019,83.1,61.0,84860,95.4,27.2
2026-05-19,AIF020,68.6,72.6,162814,91.0,64.1
2026-05-19,AIF021,84.6,52.4,50365,66.9,42.2
2026-05-19,AIF022,76.5,79.4,72914,70.7,18.8
2026-05-19,AIF023,51.6,47.4,177714,75.3,12.6
2026-05-19,AIF024,50.9,63.3,115383,62.2,18.5
2026-05-19,AIF025,46.7,53.4,176875,70.3,80.6
2026-05-19,AIF026,86.0,35.2,161192,74.8,72.3
2026-05-19,AIF027,86.0,75.9,100436,76.3,93.9
2026-05-19,AIF028,46.0,80.9,32321,94.4,29.3
2026-05-19,AIF029,88.4,50.6,152790,88.1,82.7
2026-05-19,AIF030,76.7,55.1,125007,63.4,78.6
2026-05-19,AIF031,61.0,73.0,40905,74.9,73.1
2026-05-19,AIF032,58.1,36.8,54014,63.6,76.3
2026-05-19,AIF033,80.7,82.1,95248,93.2,29.8
2026-05-19,AIF034,55.1,26.0,184528,95.5,50.8
2026-05-19,AIF035,40.0,25.7,85681,76.9,17.4
2026-05-19,AIF036,93.7,29.1,99693,92.9,8.8
2026-05-20,AIF001,65.1,81.3,85214,72.8,55.6
2026-05-20,AIF002,51.4,60.9,42952,90.6,72.0
2026-05-20,AIF003,71.6,83.5,82526,83.7,10.0
2026-05-20,AIF004,52.5,74.2,112054,64.7,48.4
2026-05-20,AIF005,40.1,68.5,131715,68.3,53.8
2026-05-20,AIF006,65.9,56.3,162789,79.4,41.1
2026-05-20,AIF007,49.9,18.4,102086,96.1,50.7
2026-05-20,AIF008,63.7,33.4,147483,78.7,51.4
2026-05-20,AIF009,83.2,49.9,66834,87.7,71.4
2026-05-20,AIF010,83.6,38.5,83930,69.8,27.7
2026-05-20,AIF011,61.3,31.0,35984,89.5,71.0
2026-05-20,AIF012,88.5,18.0,28498,74.5,73.0
2026-05-20,AIF013,44.7,63.6,130025,70.7,90.5
2026-05-20,AIF014,96.2,70.7,26614,82.6,48.9
2026-05-20,AIF015,57.4,82.7,28804,87.5,58.1
2026-05-20,AIF016,77.2,52.1,152816,67.9,70.8
2026-05-20,AIF017,49.1,42.4,114923,94.1,60.9
2026-05-20,AIF018,87.9,26.5,160204,71.0,81.8
2026-05-20,AIF019,43.4,39.7,6415,65.2,39.8
2026-05-20,AIF020,41.8,33.4,152868,89.6,42.4
2026-05-20,AIF021,41.3,32.8,127201,89.5,33.4
2026-05-20,AIF022,65.4,81.1,25287,76.6,27.0
2026-05-20,AIF023,50.7,20.3,89704,85.6,49.3
2026-05-20,AIF024,50.5,60.4,22963,72.6,23.9
2026-05-20,AIF025,45.3,75.2,2241,94.2,9.2
2026-05-20,AIF026,60.0,81.6,92806,94.5,50.5
2026-05-20,AIF027,85.9,29.3,64576,86.7,41.7
2026-05-20,AIF028,48.5,18.9,133119,90.6,85.4
2026-05-20,AIF029,79.5,54.4,156384,65.6,86.2
2026-05-20,AIF030,42.3,65.1,161746,92.5,30.4
2026-05-20,AIF031,92.4,21.2,155285,74.4,8.1
2026-05-20,AIF032,49.4,49.1,75173,65.4,50.9
2026-05-20,AIF033,60.4,47.5,96111,77.9,44.4
2026-05-20,AIF034,43.8,54.8,151474,82.9,39.5
2026-05-20,AIF035,91.4,35.5,81169,82.4,42.3
2026-05-20,AIF036,63.7,27.0,179785,67.5,65.4
